latitude,longitude
36.39813,-118.78925
36.39875,-118.79367
36.39577,-118.7475
36.39646,-118.75239
36.39841,-118.76639
36.40212,-118.79295
36.39442,-118.73784
36.39509,-118.74263
36.4015,-118.78854
36.39917,-118.74699
36.39985,-118.75188
36.40052,-118.75665
36.40118,-118.76134
36.40182,-118.76595
36.40306,-118.77487
36.39849,-118.74221
36.40245,-118.7705
36.4019,-118.74176
36.40255,-118.74646
36.40324,-118.7513
36.40392,-118.75614
36.40458,-118.76086
36.40522,-118.76547
36.40586,-118.77001
36.40594,-118.7459
36.38158,-118.74508
36.39021,-118.78218
36.38096,-118.74062
36.37826,-118.7461
36.37764,-118.74169
36.3789,-118.75075
36.3756,-118.75191
36.37496,-118.74733
36.36897,-118.7541
36.37086,-118.76781
36.36959,-118.75864
36.36563,-118.75505
36.36625,-118.75956
36.38894,-118.74815
36.38961,-118.75304
36.39417,-118.78568
36.38827,-118.74335
36.39478,-118.79009
36.39036,-118.73357
36.39235,-118.74785
36.39304,-118.75273
36.39689,-118.78036
36.391,-118.73818
36.39167,-118.74297
36.39751,-118.78481
36.40312,-118.75558
36.40459,-118.76898
36.40582,-118.76044
36.39815,-118.79005
36.39939,-118.7814
36.40251,-118.75983
36.40372,-118.75142
36.4016,-118.74244
36.39828,-118.74185
36.39496,-118.74129
36.39557,-118.73709
36.39164,-118.74079
36.39225,-118.73654
36.38772,-118.74445
36.38832,-118.74024
36.38893,-118.73599
36.3779,-118.74198
36.36567,-118.7562
33.99974,-91.61832
34.00041,-91.62244
33.95031,-91.41444
33.94971,-91.41886
33.95311,-91.41952
33.98786,-91.5522
33.99124,-91.55286
33.99065,-91.55723
33.99648,-91.61674
33.99589,-91.6211
33.99926,-91.62176
30.9677,-86.78699
30.97177,-86.78755
30.97135,-86.79168
30.97498,-86.79642
30.97948,-86.79281
30.97905,-86.79699
30.98443,-86.78506
30.98399,-86.78923
30.98312,-86.79757
30.9885,-86.78563
33.08046,-82.77197
33.08662,-82.77453
33.08491,-82.7806
33.02969,-82.71902
33.02943,-82.72293
33.03502,-82.71941
33.03476,-82.72333
33.07909,-82.77869
33.08467,-82.77517
33.0844,-82.77908
46.22409,-114.72491
46.22341,-114.7202
46.22011,-114.72117
46.21941,-114.71638
46.21561,-114.7375
46.21305,-114.74357
46.21234,-114.73867
46.21164,-114.73389
46.21025,-114.72433
46.20977,-114.74477
46.20907,-114.73988
46.22203,-114.83049
46.2213,-114.82529
46.22057,-114.82015
46.2163,-114.79041
46.20837,-114.73505
46.20767,-114.73026
46.20696,-114.7254
46.20625,-114.72044
46.21802,-114.82645
46.20509,-114.73624
46.20438,-114.73138
46.22089,-114.84657
46.21729,-114.82134
46.2065,-114.74599
46.2058,-114.74109
46.2183,-114.85249
46.19585,-114.85691
46.19473,-114.873
46.19104,-114.84737
46.19029,-114.84222
46.194,-114.86797
46.19328,-114.86294
46.19254,-114.85781
46.19179,-114.85259
46.17274,-114.72084
46.1907,-114.86897
46.18997,-114.86388
46.18922,-114.85867
46.18666,-114.86479
46.18813,-114.87505
46.1874,-114.86996
46.18556,-114.88109
46.18482,-114.87599
46.18408,-114.87084
46.18225,-114.88203
46.18151,-114.87688
46.18076,-114.87172
46.17894,-114.883
46.1782,-114.8778
46.18953,-114.85501
46.18678,-114.86348
46.18222,-114.87743
46.20362,-114.74546
46.22016,-114.71498
46.21116,-114.74308
46.20441,-114.74651
46.22109,-114.71618
46.21215,-114.74363
46.17763,-114.87049
46.18443,-114.87067
41.61175,-87.33108
41.61424,-87.32523
41.61509,-87.33002
41.61928,-87.33377
41.6252,-87.36732
41.61843,-87.32897
41.63022,-87.37585
41.62854,-87.36626
41.63945,-87.4083
41.64278,-87.40724
41.66359,-87.47883
41.6686,-87.48731
41.66427,-87.42325
41.67104,-87.4614
41.67353,-87.4556
41.67347,-87.43546
41.6253,-87.14614
41.6768,-87.43443
41.62865,-87.14507
41.6776,-87.41908
41.68093,-87.41802
41.68262,-87.42756
41.68177,-87.4228
41.63362,-87.13327
41.63536,-87.14294
41.6851,-87.42175
41.63697,-87.13219
41.63784,-87.13703
41.63871,-87.14186
41.64206,-87.14079
41.63398,-87.13249
41.63987,-87.13588
41.63858,-87.12875
41.63655,-87.13511
41.64243,-87.13854
41.67064,-87.45546
41.61637,-87.33135
41.63579,-87.13282
41.63533,-87.13892
41.62131,-87.32594
41.64033,-87.13336
41.63988,-87.13946
41.66932,-87.46387
41.68155,-87.42384
32.89508,-91.43262
32.88949,-91.43052
32.88891,-91.43481
32.91707,-91.3033
32.92045,-91.30394
32.94028,-91.28552
32.94086,-91.2812
32.94542,-91.27319
32.94424,-91.28185
32.94366,-91.28617
32.94763,-91.28249
32.94704,-91.28681
32.9488,-91.27383
32.95219,-91.27447
32.9516,-91.2788
36.73693,-89.92507
36.74495,-89.92088
36.74125,-89.92024
36.74063,-89.92571
36.74186,-89.91476
36.73815,-89.9141
36.73384,-89.91894
36.74271,-89.92369
36.74334,-89.91821
36.73901,-89.92305
36.74028,-89.91209
36.73531,-89.9224
36.73594,-89.91692
36.73225,-89.91628
45.03519,-106.31711
44.99941,-106.13609
44.99944,-106.14416
44.9997,-106.24738
44.99974,-106.26411
44.99989,-106.35838
44.9999,-106.36681
44.99972,-106.25545
44.99976,-106.27305
45.00618,-106.14397
45.00624,-106.16059
45.00632,-106.1858
45.00634,-106.19444
45.00671,-106.36703
45.00672,-106.37559
45.00675,-106.40253
45.00626,-106.16889
45.00655,-106.27331
45.00656,-106.28179
45.00658,-106.29023
44.9946,-106.24782
44.99458,-106.25603
45.00161,-106.13665
45.00157,-106.16158
45.00156,-106.16985
45.00153,-106.18674
45.0016,-106.14477
45.00134,-106.26492
45.00131,-106.27386
45.00835,-106.14444
45.00833,-106.16112
45.00829,-106.18639
45.00827,-106.19505
45.00832,-106.16945
45.0081,-106.27409
45.00808,-106.28252
45.00805,-106.29104
45.01487,-106.28275
45.01483,-106.3001
45.02184,-106.16089
45.02164,-106.29158
45.02162,-106.30028
45.02161,-106.3091
45.02859,-106.1613
45.0285,-106.25536
45.02859,-106.16964
45.0284,-106.30917
45.02839,-106.31783
45.03535,-106.16978
45.03534,-106.17844
45.04206,-106.25501
45.04205,-106.26346
45.04208,-106.22885
45.04208,-106.23767
45.04207,-106.24644
45.04199,-106.31639
45.04198,-106.32497
45.04887,-106.18729
45.04887,-106.21247
45.04886,-106.22047
45.04883,-106.27264
45.04877,-106.33355
45.04885,-106.23765
45.04885,-106.24665
45.04884,-106.25536
45.04884,-106.26374
45.04878,-106.32501
45.05563,-106.1874
45.05563,-106.22094
45.05563,-106.22922
45.05562,-106.27292
45.05563,-106.196
45.05563,-106.24656
45.05563,-106.2556
45.05563,-106.26414
45.06241,-106.25558
45.06241,-106.26443
45.06239,-106.19612
45.06916,-106.19653
45.0692,-106.28206
45.0692,-106.2636
45.06919,-106.27285
45.07594,-106.20524
45.07598,-106.27232
45.07599,-106.28139
45.08271,-106.21391
45.08275,-106.24681
45.08277,-106.26328
45.08271,-106.20533
45.08277,-106.2718
45.08278,-106.28067
45.08949,-106.21405
45.08961,-106.35936
45.0963,-106.23916
45.09634,-106.26334
45.09635,-106.27192
45.09637,-106.28902
45.09642,-106.35075
45.09643,-106.35884
45.09643,-106.36723
45.10308,-106.23849
45.10309,-106.24685
45.10311,-106.2553
45.10318,-106.30647
45.10323,-106.35011
45.10324,-106.35862
45.10986,-106.23862
45.10987,-106.24719
45.10989,-106.25577
45.10999,-106.31443
45.11006,-106.36782
45.05713,-106.22868
45.05728,-106.19543
45.05704,-106.24599
45.05699,-106.25508
45.05695,-106.26366
45.06404,-106.19561
45.06374,-106.26371
45.06369,-106.27273
45.07081,-106.19601
45.07077,-106.20441
45.07049,-106.27208
45.07045,-106.28136
45.07751,-106.21314
45.07739,-106.24601
45.07735,-106.2541
45.07732,-106.26257
45.07755,-106.20457
45.07728,-106.27155
45.07724,-106.28059
45.08432,-106.20467
45.08429,-106.2132
45.08408,-106.27102
45.084,-106.28882
45.08404,-106.27982
45.09106,-106.21338
45.09103,-106.22187
45.09086,-106.27089
45.09047,-106.36711
45.0905,-106.3588
45.09781,-106.22187
45.09753,-106.3063
45.09776,-106.23827
45.09773,-106.24648
45.09768,-106.2627
45.09765,-106.27126
45.09759,-106.2882
45.09735,-106.35011
45.09732,-106.35826
45.09729,-106.36665
45.10447,-106.26311
45.1041,-106.36671
45.10454,-106.23763
45.10452,-106.24601
45.10449,-106.25455
45.10414,-106.35803
45.11126,-106.26321
45.11121,-106.27935
45.11132,-106.23784
45.1113,-106.24644
45.11127,-106.25505
45.11116,-106.29639
45.11092,-106.36726
45.11088,-106.37606
45.11808,-106.24683
45.11804,-106.26295
45.11802,-106.27093
45.11773,-106.36771
45.1177,-106.37657
45.12481,-106.2713
45.12483,-106.26283
45.12468,-106.3224
45.1245,-106.38536
45.13135,-106.37569
45.13132,-106.38454
45.1384,-106.2629
45.13829,-106.32287
45.13812,-106.39262
45.13839,-106.27205
45.13828,-106.33125
45.13817,-106.37495
45.13815,-106.38376
45.14513,-106.30548
45.1451,-106.32306
45.145,-106.36652
45.14493,-106.40131
45.14518,-106.2724
45.14511,-106.31425
45.14499,-106.37553
45.14497,-106.38428
45.14495,-106.3929
45.15195,-106.28077
45.15195,-106.28905
45.15182,-106.36627
45.15197,-106.27267
45.15179,-106.38479
45.15177,-106.39343
45.15873,-106.30645
45.15865,-106.36578
45.15863,-106.37529
45.15875,-106.28088
45.15861,-106.38478
45.1586,-106.39381
45.16552,-106.30693
45.16545,-106.37495
45.16553,-106.29838
45.16544,-106.38447
45.16542,-106.3938
45.16541,-106.40268
45.17233,-106.30688
45.17226,-106.38428
45.17233,-106.28994
45.17225,-106.39348
45.17906,-106.40247
45.18588,-106.41094
45.18591,-106.37543
45.1859,-106.38389
45.18589,-106.39274
45.18589,-106.40192
45.19273,-106.35857
45.19273,-106.37543
45.19273,-106.36712
45.19272,-106.38397
45.19272,-106.39275
45.19272,-106.40148
45.19954,-106.33224
45.19954,-106.35009
45.19955,-106.35873
45.19955,-106.38415
45.19955,-106.39297
45.19954,-106.34111
45.19955,-106.40149
45.20635,-106.34077
45.20636,-106.35008
45.20636,-106.35887
45.20637,-106.38437
45.20637,-106.39321
45.21316,-106.34045
45.21317,-106.34965
45.16025,-106.2736
45.16011,-106.29893
45.15964,-106.37623
45.15946,-106.40335
45.1602,-106.28187
45.16006,-106.30756
45.1597,-106.36674
45.15958,-106.38575
45.15952,-106.3948
45.167,-106.28221
45.16695,-106.29081
45.16686,-106.30785
45.16657,-106.35807
45.16646,-106.37595
45.16629,-106.40364
45.1669,-106.29934
45.1664,-106.38542
45.16635,-106.3947
45.17366,-106.30762
45.17323,-106.38519
45.17306,-106.41263
45.17375,-106.29075
45.17318,-106.39439
45.17223,-106.40273
45.17907,-106.3933
45.17312,-106.40363
45.18006,-106.38499
45.17995,-106.40329
45.18,-106.39415
45.18674,-106.41172
45.18693,-106.37622
45.18689,-106.38464
45.18684,-106.39354
45.18679,-106.40273
45.19396,-106.33318
45.19391,-106.342
45.19387,-106.35066
45.19384,-106.35938
45.19375,-106.37614
45.19379,-106.36784
45.19371,-106.3848
45.19366,-106.39355
45.19362,-106.4022
45.20077,-106.33291
45.20073,-106.34182
45.20069,-106.35086
45.20065,-106.35946
45.20057,-106.37623
45.20049,-106.39374
45.20045,-106.40225
45.20053,-106.3849
45.20754,-106.34142
45.2074,-106.37647
45.2075,-106.35073
45.20747,-106.35957
45.20736,-106.38512
45.15381,-106.40176
45.1549,-106.40659
45.12593,-106.25949
45.13921,-106.31809
45.14139,-106.32777
45.14798,-106.35693
45.14906,-106.36171
45.16091,-106.4143
45.1544,-106.3854
45.15549,-106.39022
45.15658,-106.39505
45.15767,-106.39989
45.15876,-106.40472
45.15984,-106.40952
45.14091,-106.30666
45.14309,-106.31631
45.15297,-106.36006
45.15404,-106.36482
45.16152,-106.39803
45.16045,-106.39325
45.16261,-106.40287
45.16369,-106.40768
45.16477,-106.41247
45.13487,-106.26089
45.13595,-106.2657
45.14369,-106.29991
45.14589,-106.30968
45.15686,-106.35834
45.15795,-106.36315
45.15902,-106.36791
45.16327,-106.38679
45.16434,-106.39153
45.16541,-106.39631
45.16648,-106.40109
45.16756,-106.40586
45.16863,-106.41063
45.1697,-106.41541
45.14977,-106.30785
45.16292,-106.36623
45.16505,-106.3757
45.17037,-106.39938
45.13877,-106.25912
45.13985,-106.26389
45.16717,-106.38512
45.16824,-106.38986
45.17144,-106.40411
45.1725,-106.40887
45.17358,-106.41367
45.17466,-106.41846
45.17213,-106.38818
45.17962,-106.42157
45.14481,-106.2668
45.1732,-106.39294
45.17426,-106.39767
45.17533,-106.40242
45.1764,-106.4072
45.17748,-106.41199
45.17855,-106.41679
45.14979,-106.26979
45.15202,-106.27968
45.17603,-106.38648
45.18352,-106.41994
45.14869,-106.26495
45.17709,-106.39124
45.17815,-106.39597
45.17922,-106.40073
45.18029,-106.40553
45.18137,-106.41032
45.18245,-106.41513
45.15591,-106.27787
45.1603,-106.2974
45.18312,-106.39909
45.18419,-106.40386
45.15368,-106.26797
45.18099,-106.38957
45.18206,-106.39433
45.18527,-106.40866
45.18634,-106.41347
45.18742,-106.4183
45.1885,-106.42314
45.1598,-106.27604
45.1609,-106.28096
45.18703,-106.39747
45.1881,-106.40222
45.18916,-106.40701
45.19348,-106.42631
45.15868,-106.27107
45.16418,-106.29552
45.18489,-106.38792
45.18597,-106.3927
45.19024,-106.41181
45.19133,-106.41666
45.19241,-106.4215
45.16806,-106.29369
45.1866,-106.37645
45.18985,-106.39098
45.19092,-106.39575
45.19199,-106.40055
45.19307,-106.40536
45.16368,-106.27422
45.16479,-106.27911
45.18551,-106.37157
45.19414,-106.41018
45.19521,-106.41499
45.1963,-106.41985
45.19736,-106.42464
45.18938,-106.36976
45.19695,-106.40366
45.16866,-106.27725
45.16976,-106.28212
45.17085,-106.28701
45.19802,-106.40847
45.19909,-106.41325
45.20017,-106.41806
45.19974,-106.39701
45.20189,-106.40667
45.17366,-106.28036
45.17476,-106.28527
45.17586,-106.29019
45.19217,-106.36311
45.19326,-106.36798
45.20082,-106.40185
45.19497,-106.35648
45.19932,-106.37598
45.2004,-106.38083
45.20147,-106.38563
45.14668,-106.38908
45.14559,-106.38428
45.14451,-106.37951
45.14342,-106.37471
45.14235,-106.36993
45.11253,-106.2384
45.11142,-106.23351
45.11029,-106.22858
45.15105,-106.40845
45.14127,-106.36519
45.13693,-106.34598
45.13365,-106.33147
45.12039,-106.27298
45.11927,-106.26808
45.11813,-106.26306
45.14501,-106.40064
45.14391,-106.39579
45.14281,-106.39093
45.14173,-106.38612
45.14065,-106.38136
45.13956,-106.37659
45.13848,-106.37179
45.10751,-106.23532
45.12977,-106.33331
45.12645,-106.31865
45.12537,-106.3139
45.11537,-106.26987
45.11085,-106.24998
45.10975,-106.24513
45.10863,-106.24024
45.10638,-106.23034
45.10524,-106.22534
45.14004,-106.39758
45.13895,-106.39276
45.13786,-106.38793
45.13677,-106.38313
45.13568,-106.3783
45.10586,-106.247
45.13457,-106.37345
45.13348,-106.36861
45.1302,-106.35416
45.12697,-106.33989
45.11147,-106.27162
45.10807,-106.25672
45.10696,-106.25185
45.10246,-106.23209
45.13505,-106.39444
45.13395,-106.38957
45.13285,-106.38474
45.13175,-106.37988
45.10195,-106.24877
45.13065,-106.37503
45.11425,-106.3028
45.11204,-106.29306
45.10082,-106.2438
45.13003,-106.39117
45.12893,-106.38631
45.12783,-106.38148
45.12673,-106.37663
45.09461,-106.23553
45.08786,-106.20601
45.12454,-106.367
45.11588,-106.32885
45.12501,-106.38793
45.12391,-106.38309
45.09641,-106.26228
45.08396,-106.20782
45.08283,-106.2029
45.12281,-106.37827
45.12172,-106.37347
45.11954,-106.36387
45.11087,-106.32573
45.10865,-106.31599
45.10754,-106.31109
45.10642,-106.30621
45.10532,-106.30135
45.10087,-106.28185
45.12,-106.38477
45.11892,-106.38001
45.11784,-106.37523
45.11675,-106.37045
45.11567,-106.36568
45.10029,-106.29818
45.07778,-106.19977
45.11459,-106.36091
45.11134,-106.34666
45.10805,-106.33221
45.10695,-106.32738
45.10584,-106.32252
45.10472,-106.31761
45.10249,-106.30785
45.09585,-106.27875
45.07664,-106.1948
45.11397,-106.37709
45.11288,-106.37228
45.11179,-106.36749
45.11071,-106.36272
45.07275,-106.19667
45.10962,-106.35795
45.10852,-106.35316
45.10633,-106.34353
45.10523,-106.33867
45.10413,-106.33385
45.10191,-106.32414
45.1008,-106.31924
45.09856,-106.30948
45.09636,-106.29981
45.09417,-106.29022
45.09307,-106.28539
45.08861,-106.26588
45.07388,-106.20161
45.10793,-106.36935
45.10684,-106.36459
45.10574,-106.35976
45.06771,-106.19362
45.10901,-106.37411
45.10464,-106.35493
45.10353,-106.35006
45.1013,-106.34029
45.10019,-106.33543
45.08357,-106.26274
45.07903,-106.24292
45.10296,-106.36639
45.10074,-106.35666
45.09961,-106.35173
45.08412,-106.28397
45.06269,-106.19057
45.10186,-106.36156
45.08746,-106.29852
45.08634,-106.29366
45.08301,-106.27911
45.08189,-106.27426
45.08078,-106.26939
45.07855,-106.25966
45.07628,-106.24977
45.06382,-106.1955
45.09797,-106.36331
45.09684,-106.35839
45.0957,-106.35341
45.07796,-106.27589
45.07685,-106.27106
45.05878,-106.19243
45.05764,-106.1875
45.09907,-106.36815
45.09457,-106.34843
45.07907,-106.28074
45.07575,-106.26625
45.09517,-106.36987
45.09407,-106.36504
45.09294,-106.36009
45.09179,-106.35509
45.07292,-106.27272
45.05374,-106.18935
45.05259,-106.18436
45.09065,-106.3501
45.07402,-106.27753
45.07182,-106.26793
45.05143,-106.17935
45.0503,-106.17444
45.09015,-106.36669
45.08903,-106.36179
45.08789,-106.35678
45.06787,-106.26956
45.06676,-106.26472
45.04753,-106.18124
45.08674,-106.35178
45.07118,-106.28394
45.07008,-106.27916
45.06565,-106.25986
45.04868,-106.18622
45.04639,-106.1763
45.09377,-106.36777
45.09268,-106.36288
45.09157,-106.35789
45.07308,-106.27516
45.072,-106.27036
45.05323,-106.18671
45.0521,-106.18167
45.09485,-106.3726
45.09044,-106.35285
45.07416,-106.27998
45.05434,-106.19165
45.05098,-106.17669
45.08878,-106.36458
45.08767,-106.3596
45.08654,-106.35455
45.06698,-106.26717
45.04819,-106.18356
45.04708,-106.17858
45.08986,-106.36942
45.08543,-106.34959
45.07022,-106.28162
45.06589,-106.26231
45.0571,-106.22315
45.04596,-106.17365
45.08376,-106.36128
45.08263,-106.35625
45.08153,-106.3513
45.04317,-106.18046
45.07939,-106.34177
45.05869,-106.24942
45.0532,-106.22504
45.05096,-106.21508
45.04985,-106.21011
45.04206,-106.17554
45.05586,-106.25601
45.05477,-106.25117
45.05368,-106.24637
45.07224,-106.32897
45.07114,-106.3241
45.05259,-106.2415
45.04708,-106.217
45.07264,-106.34992
45.05085,-106.25294
45.04976,-106.24811
45.04868,-106.24328
45.04759,-106.23846
45.0465,-106.23361
45.0309,-106.16444
45.02977,-106.15947
45.07481,-106.35961
45.07371,-106.35471
45.07158,-106.34518
45.0705,-106.34036
45.0694,-106.33551
45.06831,-106.33063
45.06179,-106.30157
45.06072,-106.2968
45.05524,-106.27244
45.07089,-106.36127
45.06981,-106.35642
45.06873,-106.35163
45.04585,-106.24989
45.04476,-106.24505
45.04257,-106.23535
45.04147,-106.23048
45.02586,-106.16135
45.06765,-106.34685
45.05791,-106.30344
45.05683,-106.29867
45.05575,-106.29385
45.05466,-106.28898
45.05355,-106.28407
45.05134,-106.27427
45.04807,-106.25972
45.04696,-106.25478
45.06808,-106.36787
45.06701,-106.36307
45.06592,-106.35824
45.04086,-106.24687
45.06483,-106.35339
45.06374,-106.34856
45.04418,-106.2616
45.04195,-106.25175
45.03975,-106.24198
45.03645,-106.22736
45.05988,-106.35043
45.05879,-106.34561
45.05771,-106.34081
45.05663,-106.33596
45.06096,-106.35526
45.05552,-106.33106
45.05165,-106.33298
45.05056,-106.32811
45.04947,-106.3233
45.04779,-106.33488
45.04668,-106.32999
45.0456,-106.32518
45.04338,-106.31535
45.00333,-106.13856
45.04277,-106.33171
45.04167,-106.32684
45.04057,-106.32197
45.03946,-106.31704
45.00508,-106.16537
45.00395,-106.16036
45.00282,-106.15536
44.99825,-106.13531
45.04388,-106.33662
45.03835,-106.31211
45.03773,-106.32845
45.03664,-106.32361
45.03883,-106.33331
45.03553,-106.31868
45.00454,-106.18202
45.00114,-106.16709
44.99886,-106.15707
45.03268,-106.32516
45.03158,-106.32025
45.03047,-106.31535
45.02827,-106.30563
45.02766,-106.32195
45.02656,-106.31711
45.02545,-106.3122
45.02435,-106.30736
45.02326,-106.30254
45.02216,-106.29769
45.02106,-106.29282
45.02045,-106.30916
45.01825,-106.29946
45.01715,-106.29461
45.01605,-106.28976
45.01936,-106.30431
45.01495,-106.28491
45.01215,-106.29159
45.01105,-106.28675
45.00994,-106.28188
45.00883,-106.27695
45.00492,-106.27876
45.00381,-106.27388
45.0027,-106.26904
45.00162,-106.26424
45.00603,-106.28367
45.00051,-106.2594
44.9966,-106.2612
44.99436,-106.25139
45.20253,-106.3904
45.2036,-106.3952
45.20468,-106.40003
45.19823,-106.3711
45.19239,-106.32576
45.19561,-106.3402
45.19884,-106.35467
45.20534,-106.38383
45.19777,-106.34985
45.20319,-106.37417
45.20427,-106.37903
45.20641,-106.38862
45.19844,-106.33366
45.20165,-106.34808
45.20271,-106.35285
45.2038,-106.35773
45.20489,-106.36263
45.20813,-106.3772
45.19376,-106.32858
45.19596,-106.33819
45.19815,-106.3478
45.19925,-106.35259
45.20479,-106.37685
45.20589,-106.38167
45.20698,-106.38644
45.19765,-106.32685
45.19876,-106.33167
45.19986,-106.3365
45.20313,-106.35081
45.20422,-106.35562
45.20535,-106.36052
45.20645,-106.36535
45.20865,-106.37502
45.20486,-106.33965
45.20595,-106.34439
45.20703,-106.34914
45.20377,-106.33482
45.20811,-106.35389
45.20921,-106.3587
45.2103,-106.36351
45.20766,-106.33312
45.20986,-106.34276
45.21095,-106.3475
45.20877,-106.33795
45.21202,-106.35222
45.21376,-106.34105
45.21266,-106.33626
45.14777,-106.39393
45.14886,-106.39879
45.14996,-106.40364
45.13531,-106.31986
45.13641,-106.32473
45.13752,-106.32963
45.14408,-106.35865
45.14515,-106.36339
45.14622,-106.36813
45.14946,-106.38245
45.15162,-106.39204
45.15054,-106.38723
45.15272,-106.3969
44.99782,-106.1513
45.00294,-106.28637
45.00161,-106.29202
45.00709,-106.28841
45.00577,-106.29404
45.00971,-106.3034
45.01384,-106.30553
45.03591,-106.23297
45.01663,-106.31324
45.04006,-106.23496
45.0387,-106.24065
45.02078,-106.3153
45.01945,-106.32082
45.02359,-106.32297
45.04294,-106.26157
45.02497,-106.33659
45.02913,-106.33864
45.02774,-106.34442
45.03193,-106.34637
45.03611,-106.34829
45.03892,-106.35601
45.04315,-106.35776
45.05014,-106.34796
45.04737,-106.35958
45.04596,-106.3655
45.05016,-106.36735
45.05437,-106.36922
45.06129,-106.37926
45.06678,-106.37572
45.06543,-106.38141
45.06407,-106.38712
45.10606,-106.22932
45.07093,-106.37782
45.06821,-106.38928
45.06686,-106.39497
45.071,-106.39709
45.08062,-106.35655
45.07928,-106.36217
45.07511,-106.37978
45.07237,-106.39136
45.07656,-106.39327
45.0752,-106.39906
45.07794,-106.38748
45.08214,-106.38937
45.08077,-106.39516
45.09053,-106.37354
45.08635,-106.39121
45.08499,-106.397
45.08225,-106.40855
45.08088,-106.41436
45.09611,-106.36957
45.09472,-106.37545
45.09057,-106.39303
45.08921,-106.3988
45.0948,-106.39484
45.10163,-106.36584
45.10027,-106.3716
45.09888,-106.37749
45.09615,-106.38911
45.09344,-106.40059
45.08264,-106.39147
45.08124,-106.39725
45.07703,-106.41454
45.09111,-106.37576
45.08685,-106.3933
45.08266,-106.41058
45.08125,-106.4164
45.09672,-106.37179
45.09812,-106.36602
45.0953,-106.37767
45.09247,-106.38934
45.09108,-106.3951
45.08968,-106.40085
45.09531,-106.39689
45.10228,-106.36804
45.10088,-106.37385
45.09946,-106.3797
45.09668,-106.39119
45.09392,-106.40263
45.10503,-106.37594
45.09812,-106.40452
45.10642,-106.37015
45.10361,-106.38177
45.10222,-106.38754
45.10086,-106.39316
45.09949,-106.39881
45.1023,-106.40651
45.10777,-106.38383
45.10503,-106.39517
45.10367,-106.40081
45.11192,-106.38593
45.10781,-106.40295
45.11195,-106.40514
45.11609,-106.40727
45.11472,-106.41295
45.12441,-106.39201
45.12302,-106.39783
45.12161,-106.40365
45.11885,-106.41513
45.12302,-106.4172
45.1286,-106.41331
45.12721,-106.41911
45.13281,-106.4152
45.13702,-106.41705
45.13562,-106.42287
45.13143,-106.44038
45.13002,-106.44627
45.13564,-106.44226
45.15081,-106.37881
45.14125,-106.41885
45.13424,-106.44813
45.14545,-106.42071
45.14404,-106.42661
45.13845,-106.45
45.1496,-106.42283
45.14822,-106.42861
45.14264,-106.45196
45.14822,-106.4481
45.15236,-106.43076
45.14961,-106.4423
45.14683,-106.45396
45.18907,-106.29585
45.15651,-106.43288
45.15377,-106.44437
45.15102,-106.45592
45.16068,-106.43494
45.17589,-106.42963
45.18008,-106.43158
45.1787,-106.43739
45.1829,-106.43929
45.20735,-106.35543
45.18712,-106.44111
45.18575,-106.44689
45.21151,-106.35744
45.21017,-106.36314
45.20457,-106.35513
45.18386,-106.44065
45.20874,-106.3571
45.18808,-106.44244
45.18668,-106.44823
45.21152,-106.3648
45.00252,-106.29424
45.0026,-106.28695
45.00245,-106.30152
45.00888,-106.29394
45.0088,-106.30116
45.00872,-106.30836
45.015,-106.31529
45.01508,-106.3079
45.02135,-106.31483
45.02126,-106.32229
45.02745,-106.33579
45.02736,-106.34277
45.03504,-106.23099
45.03362,-106.35004
45.03353,-106.35709
45.03986,-106.35738
45.04609,-106.36497
45.05243,-106.36556
45.05233,-106.37243
45.05867,-106.37229
45.05857,-106.37933
45.06491,-106.37889
45.06481,-106.38596
45.0647,-106.39304
45.07114,-106.38554
45.07093,-106.39969
45.07104,-106.39262
45.07715,-106.4071
45.07726,-106.39996
45.03673,-106.23222
45.03588,-106.35148
45.03582,-106.35845
45.0421,-106.36595
45.04844,-106.36659
45.05476,-106.36711
45.05471,-106.37398
45.06098,-106.38071
45.06718,-106.39442
45.06725,-106.38731
45.06712,-106.40137
45.07358,-106.3872
45.07345,-106.40135
45.07338,-106.4084
45.0797,-106.40896
45.07977,-106.40179
45.08609,-106.40244
45.08601,-106.40953
45.08594,-106.41659
45.09241,-106.40318
45.09233,-106.41029
45.09248,-106.39599
45.09225,-106.41739
45.0991,-106.36853
45.09865,-106.41077
45.0988,-106.39643
45.09872,-106.40363
45.10505,-106.40361
45.10536,-106.37527
45.10497,-106.41068
45.10489,-106.41781
45.1113,-106.41016
45.11122,-106.41715
45.11755,-106.41663
45.11747,-106.42363
45.12379,-106.42352
45.12412,-106.39577
45.12353,-106.44466
45.12993,-106.43782
45.13011,-106.42384
45.13642,-106.42439
45.13651,-106.41751
45.13633,-106.43129
45.13624,-106.43839
45.14273,-106.42503
45.14255,-106.43884
45.14282,-106.41821
45.14264,-106.4319
45.14246,-106.44566
45.14896,-106.43203
45.14905,-106.42518
45.14886,-106.43893
45.13923,-106.42413
45.13917,-106.43102
45.13911,-106.43809
45.14555,-106.42472
45.14549,-106.43162
45.14543,-106.43848
38.92304,-115.43119
38.92234,-115.42685
38.92768,-115.4389
38.92699,-115.43461
38.9263,-115.43031
38.9256,-115.42596
38.92442,-115.43979
38.92373,-115.43549
38.87852,-115.42917
38.87783,-115.42488
38.9002,-115.43711
38.90208,-115.42763
38.90277,-115.43196
38.90347,-115.4363
38.90464,-115.42245
38.90534,-115.4268
38.90604,-115.43113
38.9093,-115.43028
38.90999,-115.43459
38.91137,-115.44319
38.91187,-115.42509
38.91394,-115.43803
38.91463,-115.44233
38.91533,-115.44665
38.91256,-115.42944
38.91325,-115.43374
38.9179,-115.4415
38.91513,-115.42422
38.91582,-115.42857
38.91652,-115.43289
38.91721,-115.43719
38.91838,-115.42334
38.91908,-115.42773
38.91978,-115.43205
38.92047,-115.43634
38.92116,-115.44065
38.92186,-115.44496
38.85681,-115.44584
38.85587,-115.41902
38.85658,-115.42339
38.85984,-115.42256
38.86055,-115.42689
38.85914,-115.41819
38.8624,-115.41734
38.86311,-115.42174
38.92531,-115.43895
38.92586,-115.43386
38.92041,-115.44899
38.92097,-115.44378
38.92152,-115.43861
38.92206,-115.43356
38.91721,-115.44313
38.91775,-115.43806
38.91828,-115.43307
38.91884,-115.42785
38.91951,-115.42149
38.91345,-115.44247
38.91399,-115.43745
38.91452,-115.43245
38.91508,-115.42718
38.91131,-115.42663
38.91752,-115.43677
38.91807,-115.43178
38.91867,-115.4263
38.91941,-115.41975
38.91265,-115.44625
38.91375,-115.43618
38.9143,-115.43117
38.9149,-115.42573
38.90243,-115.43456
38.89872,-115.43353
38.87183,-115.43435
38.87238,-115.4292
38.85519,-115.44653
38.85372,-115.42479
36.95828,-103.63432
36.94612,-103.73692
36.94569,-103.64707
36.94309,-103.64403
36.94437,-103.6386
36.94896,-103.63991
36.95615,-103.6301
36.95361,-103.64093
36.93591,-103.7373
36.95401,-103.66012
36.95252,-103.66647
36.93742,-103.73085
36.94194,-103.73256
36.94046,-103.73886
36.94793,-103.728
36.94628,-103.65131
36.95028,-103.63429
36.94765,-103.64545
36.93216,-103.72877
36.94602,-103.72828
36.94732,-103.65385
36.94746,-103.64545
36.94764,-103.63559
36.93899,-103.73519
36.93925,-103.7203
36.93911,-103.72807
47.99276,-103.0309
47.99226,-103.02857
41.46317,-81.6784
41.45622,-81.67846
41.45362,-81.67651
41.46186,-81.67313
41.46303,-81.67823
41.46833,-81.6817
41.45404,-81.67344
41.44836,-81.67564
41.45438,-81.67578
41.45028,-81.67637
41.4563,-81.67654
32.21603,-101.92103
32.21443,-101.84196
32.21497,-101.84843
32.30189,-101.91663
32.38294,-101.85497
32.21414,-101.84713
32.21388,-101.8482
32.21169,-101.84076
32.21997,-101.91928
32.21232,-101.84464
32.21003,-101.84499
44.31086,-105.81828
44.3175,-105.8182
44.36443,-105.88098
44.37769,-105.87283
44.37781,-105.88841
44.37764,-105.8653
44.38429,-105.86578
44.38435,-105.87334
44.36143,-105.88113
44.37477,-105.88847
44.38136,-105.86539
44.38139,-105.87292
44.40145,-105.89639
44.40147,-105.90453
44.45797,-105.87618
44.45522,-105.88352
44.45398,-105.8782
44.45272,-105.87285
44.44996,-105.88011
44.44872,-105.87479
44.44748,-105.86951
44.44626,-105.86429
44.44503,-105.85907
44.44718,-105.88729
44.4447,-105.8767
44.44348,-105.8715
44.43981,-105.85586
44.44594,-105.88197
44.44228,-105.86634
44.44106,-105.86116
44.44193,-105.8839
44.43636,-105.89819
44.43515,-105.89304
44.41327,-105.85702
44.41699,-105.85664
44.41579,-105.85146
44.41298,-105.85864
44.41179,-105.85346
44.4118,-105.91158
44.41061,-105.9064
44.40942,-105.90125
44.40659,-105.90826
44.40539,-105.90308
44.40418,-105.89787
44.40298,-105.89267
44.39897,-105.89458
44.40016,-105.89974
44.38479,-105.87187
44.38602,-105.87719
44.37833,-105.8633
44.37956,-105.86858
44.37712,-105.85808
44.37397,-105.88301
44.31261,-105.81219
44.42541,-105.91743
44.42408,-105.92296
44.43088,-105.91387
44.42954,-105.91946
44.42823,-105.92493
44.44159,-105.88834
44.43898,-105.89929
44.43766,-105.90485
44.43504,-105.91581
44.43373,-105.92127
44.44318,-105.901
44.44187,-105.90652
44.43924,-105.91757
44.43793,-105.92307
44.43661,-105.92857
44.44738,-105.90277
44.44477,-105.91371
44.44345,-105.91929
44.44078,-105.93048
44.4421,-105.92493
44.4515,-105.90485
44.45021,-105.91026
44.4476,-105.92124
44.44625,-105.92692
44.42128,-105.91538
44.41995,-105.92091
44.43202,-105.88976
44.42673,-105.91186
44.4226,-105.90984
44.42393,-105.9043
44.4145,-105.92435
44.41581,-105.91888
44.41845,-105.90784
44.41166,-105.91691
44.41298,-105.9114
44.40749,-105.915
44.40883,-105.90943
44.41756,-105.92326
44.41885,-105.91774
44.42015,-105.91219
44.42144,-105.90665
44.41342,-105.92122
44.4147,-105.91573
44.40925,-105.91931
44.41055,-105.91377
44.39788,-105.88907
44.41609,-105.90595
44.41593,-105.92106
44.41601,-105.91345
44.41585,-105.9287
44.42238,-105.92055
44.42246,-105.91312
44.42883,-105.92004
44.429,-105.90525
44.42891,-105.91276
44.42865,-105.93607
44.42874,-105.92793
44.43588,-105.86733
44.43554,-105.89722
44.4358,-105.87458
44.43546,-105.90476
44.43537,-105.91235
44.44189,-105.90525
44.44171,-105.92076
44.44162,-105.92808
44.44209,-105.8894
44.44199,-105.89735
44.4418,-105.91303
44.44844,-105.89748
44.44825,-105.91333
44.44815,-105.92078
44.41634,-105.92596
44.41643,-105.91077
44.42279,-105.92542
44.42274,-105.93332
44.42937,-105.90269
44.42933,-105.91013
44.42928,-105.91749
44.42923,-105.92519
44.43607,-105.86469
44.43603,-105.87206
44.43588,-105.89461
44.43583,-105.90218
44.43578,-105.90973
44.44239,-105.88672
44.44217,-105.91824
44.44212,-105.92563
44.44234,-105.89467
44.44879,-105.89475
44.44862,-105.91828
44.46159,-105.90888
44.46798,-105.91678
44.46804,-105.90857
44.4745,-105.90817
44.40964,-105.90623
44.38404,-105.8843
44.39695,-105.88431
44.39688,-105.89187
44.40956,-105.91364
44.40948,-105.92126
35.90707,-90.50205
35.90769,-90.49702
35.90226,-90.51146
35.90287,-90.50643
35.90349,-90.5014
35.90411,-90.49637
35.8993,-90.50579
35.89992,-90.50076
35.89697,-90.49508
35.77392,-90.47002
35.77454,-90.46499
35.77035,-90.46937
35.77096,-90.46434
45.62035,-115.63021
45.61701,-115.6311
45.61635,-115.62632
45.61433,-115.63676
45.61367,-115.632
45.61301,-115.62724
45.61235,-115.62241
45.611,-115.63767
45.61168,-115.6426
45.61033,-115.63287
45.60967,-115.62808
45.609,-115.62328
45.60836,-115.64362
45.60766,-115.6386
45.60699,-115.63371
45.60905,-115.64863
45.60632,-115.62888
45.60566,-115.62413
45.60498,-115.61924
45.60574,-115.6497
45.60503,-115.64462
45.60433,-115.63956
45.60164,-115.62013
45.60364,-115.63456
45.60231,-115.62497
45.60168,-115.64545
45.60239,-115.6506
45.60098,-115.64034
45.5983,-115.62106
45.59428,-115.64199
45.59362,-115.63717
45.5923,-115.62765
45.5903,-115.63823
45.59097,-115.64305
45.58964,-115.63345
45.58897,-115.62869
45.58632,-115.6345
45.58086,-115.88068
45.5735,-115.87767
32.514,-91.72191
32.52793,-91.72031
32.57309,-91.78933
32.5725,-91.79351
32.57642,-91.78999
32.57583,-91.79417
32.57976,-91.79063
32.57917,-91.79482
32.62106,-91.78077
32.62047,-91.78495
32.62439,-91.78142
32.62381,-91.78561
45.20637,-106.41041
45.20637,-106.40173
45.21318,-106.37618
45.21321,-106.41949
45.21321,-106.464
45.21321,-106.47328
45.21318,-106.35902
45.21318,-106.36768
45.21319,-106.3848
45.2132,-106.39354
45.2132,-106.40185
45.2132,-106.41075
45.20724,-106.41118
45.20732,-106.39397
45.20728,-106.40243
45.21436,-106.34116
45.21421,-106.37695
45.21403,-106.42023
45.21382,-106.46479
45.21378,-106.47409
45.21432,-106.35036
45.21428,-106.35965
45.21425,-106.36835
45.21418,-106.38558
45.21414,-106.39426
45.21411,-106.4025
45.21407,-106.4115
45.22103,-106.37772
45.221,-106.38634
45.22086,-106.42103
45.22083,-106.42937
45.22067,-106.46387
45.22058,-106.48397
45.22113,-106.35045
45.2211,-106.35936
45.22107,-106.36858
45.22097,-106.39468
45.22094,-106.40285
45.2209,-106.41184
45.22063,-106.47364
45.22795,-106.35069
45.22786,-106.37782
45.22783,-106.387
45.22779,-106.3957
45.22769,-106.42171
45.22752,-106.46433
45.22792,-106.35989
45.22789,-106.3689
45.22776,-106.40404
45.22773,-106.41292
45.22748,-106.47434
45.23465,-106.38586
45.23462,-106.39529
45.23459,-106.40453
45.23474,-106.35983
45.23471,-106.3683
45.23468,-106.37717
45.24156,-106.35918
45.24148,-106.3847
45.24146,-106.39389
45.24154,-106.36755
45.24151,-106.37626
45.24833,-106.37541
45.20124,-106.42286
45.2023,-106.42767
45.20724,-106.43069
45.20296,-106.41148
45.20403,-106.41627
45.2051,-106.42106
45.20617,-106.42588
45.21217,-106.43369
45.20576,-106.40489
45.20683,-106.40968
45.20789,-106.41446
45.20896,-106.41927
45.21003,-106.42406
45.21109,-106.42886
45.21711,-106.43674
45.20747,-106.39339
45.20855,-106.39823
45.20963,-106.4031
45.21069,-106.40788
45.21175,-106.41264
45.21282,-106.41744
45.21389,-106.42223
45.21494,-106.42699
45.21602,-106.43185
45.2092,-106.38202
45.21027,-106.38681
45.21133,-106.39159
45.21241,-106.39641
45.2135,-106.40131
45.21457,-106.40614
45.21562,-106.41085
45.21667,-106.41559
45.21772,-106.42035
45.21879,-106.42513
45.21987,-106.43
45.22095,-106.43489
45.20807,-106.3912
45.20916,-106.396
45.21027,-106.40088
45.21137,-106.40569
45.21245,-106.41042
45.21354,-106.41518
45.21462,-106.41995
45.2157,-106.42471
45.2168,-106.4295
45.21791,-106.43439
45.22285,-106.43736
45.20975,-106.37985
45.21085,-106.38464
45.21193,-106.3894
45.21302,-106.3942
45.21413,-106.39906
45.21524,-106.40393
45.21632,-106.40866
45.21739,-106.41336
45.21846,-106.41808
45.22175,-106.43253
45.21361,-106.378
45.22776,-106.44019
45.21141,-106.36835
45.21251,-106.37319
45.2147,-106.38277
45.21578,-106.38755
45.21688,-106.39236
45.21799,-106.39721
45.2191,-106.40211
45.22018,-106.40688
45.22125,-106.41157
45.22231,-106.41623
45.22339,-106.42097
45.22669,-106.43548
45.23158,-106.43826
45.21309,-106.35695
45.21418,-106.36172
45.21528,-106.36654
45.21637,-106.37135
45.21963,-106.38566
45.22073,-106.39047
45.22183,-106.39531
45.22293,-106.40018
45.22403,-106.40498
45.22509,-106.40968
45.22615,-106.41434
45.22722,-106.41904
45.22833,-106.42392
45.22945,-106.42885
45.23052,-106.43359
45.21592,-106.35052
45.22131,-106.37424
45.22565,-106.39333
45.21484,-106.34581
45.21699,-106.35526
45.21808,-106.36005
45.21917,-106.36482
45.22024,-106.36954
45.22674,-106.39816
45.22784,-106.40298
45.22999,-106.41247
45.23106,-106.41718
45.23214,-106.42195
45.23326,-106.42683
45.23434,-106.43162
45.2354,-106.4363
45.21763,-106.33923
45.23059,-106.39628
45.23169,-106.40112
45.2403,-106.43914
45.21871,-106.34399
45.2198,-106.34877
45.22088,-106.35353
45.22197,-106.35831
45.22305,-106.36306
45.22411,-106.36776
45.22519,-106.37248
45.22627,-106.37724
45.22734,-106.382
45.23277,-106.40591
45.23384,-106.41063
45.23491,-106.41531
45.23598,-106.42004
45.23707,-106.42484
45.23816,-106.42966
45.23923,-106.4344
45.2226,-106.34222
45.23665,-106.40417
45.23772,-106.4089
45.2388,-106.41364
45.23986,-106.41835
45.22367,-106.347
45.22475,-106.35174
45.22583,-106.35648
45.2269,-106.36121
45.22799,-106.36596
45.22906,-106.37073
45.23016,-106.37553
45.23125,-106.38034
45.23234,-106.38517
45.24094,-106.4231
45.24202,-106.42788
45.24309,-106.4326
45.24416,-106.43733
45.2297,-106.35468
45.2395,-106.39791
45.24058,-106.40266
45.24166,-106.40744
45.24484,-106.4215
45.24591,-106.42621
45.24698,-106.43097
45.23078,-106.35944
45.23187,-106.36424
45.23298,-106.36912
45.23407,-106.37394
45.23516,-106.37875
45.23627,-106.38367
45.23737,-106.38851
45.23359,-106.35295
45.23467,-106.35772
45.23577,-106.36256
45.23688,-106.36747
45.23798,-106.37235
45.23907,-106.37717
45.24018,-106.38205
45.2413,-106.38699
45.23967,-106.36089
45.24078,-106.36582
45.2419,-106.37076
45.24299,-106.37557
45.24409,-106.38043
45.24519,-106.38532
45.24629,-106.39016
45.24469,-106.36418
45.2458,-106.36909
45.2469,-106.37397
45.24799,-106.3788
45.24909,-106.38367
45.25018,-106.3885
45.25126,-106.39326
45.2508,-106.37232
45.2519,-106.37716
45.25299,-106.382
45.25407,-106.38681
45.21828,-106.32863
45.18995,-106.44878
45.22242,-106.33069
45.22108,-106.3364
45.21982,-106.3304
45.19088,-106.45013
45.22395,-106.33247
45.22258,-106.33816
45.23082,-106.32314
45.22944,-106.32887
45.22808,-106.33453
45.21844,-106.37458
45.21708,-106.38022
45.2062,-106.42532
45.19925,-106.45402
45.23499,-106.32506
45.2336,-106.33081
45.23224,-106.33649
45.23088,-106.34216
45.2212,-106.38238
45.20483,-106.45024
45.20203,-106.46181
45.23777,-106.33272
45.2364,-106.33839
45.23502,-106.34418
45.20758,-106.45815
45.21171,-106.4603
45.24194,-106.33462
45.23915,-106.34622
45.21032,-106.46609
45.24056,-106.34036
45.21448,-106.46815
45.24611,-106.3365
45.24333,-106.34813
45.2337,-106.38825
45.21592,-106.4622
45.24472,-106.34233
45.25027,-106.33846
45.24887,-106.34428
45.24752,-106.34996
45.23647,-106.39605
45.22013,-106.46403
45.2187,-106.46999
45.25443,-106.34039
45.25306,-106.34614
45.24214,-106.39175
45.24069,-106.39778
45.23925,-106.40379
45.22285,-106.47211
45.2214,-106.47815
45.25861,-106.34224
45.25725,-106.34795
45.25589,-106.35362
45.24773,-106.38776
45.24634,-106.39357
45.2435,-106.40542
45.22696,-106.4744
45.26412,-106.33854
45.26009,-106.35545
45.2477,-106.40725
45.24627,-106.41328
45.23109,-106.47657
45.22963,-106.48267
45.26279,-106.34411
45.26145,-106.34974
45.23524,-106.4787
45.26693,-106.34613
45.26559,-106.35175
45.26424,-106.35741
45.26289,-106.3631
45.25606,-106.39172
45.25467,-106.39754
45.25327,-106.40341
45.25184,-106.40937
45.2504,-106.41536
45.24898,-106.42132
45.23376,-106.48489
45.27238,-106.34266
45.27105,-106.34824
45.26837,-106.3595
45.26702,-106.36514
45.26568,-106.37078
45.26296,-106.38222
45.26158,-106.38799
45.25881,-106.3996
45.25741,-106.40547
45.25598,-106.41143
45.25457,-106.41738
45.23937,-106.4809
45.23789,-106.48708
45.26971,-106.35387
45.27517,-106.35034
45.26296,-106.40163
45.26156,-106.40749
45.2435,-106.48311
45.27651,-106.34473
45.26982,-106.37286
45.26574,-106.38997
45.26435,-106.39581
45.26016,-106.41336
45.25879,-106.41916
45.27384,-106.35595
45.2725,-106.36157
45.27116,-106.36722
45.27797,-106.35801
45.26714,-106.40353
45.2793,-106.35242
45.27261,-106.38055
45.26991,-106.39191
45.26575,-106.40936
45.26438,-106.41514
45.26302,-106.42085
45.25043,-106.4736
45.24906,-106.47934
45.24762,-106.48538
45.27663,-106.36364
45.27528,-106.36933
45.27394,-106.37495
45.28075,-106.3658
45.27675,-106.38261
45.27405,-106.39398
45.29893,-106.4062
45.29753,-106.41212
45.29339,-106.44925
45.28516,-106.48403
45.3059,-106.39627
45.29209,-106.45476
45.29077,-106.46031
45.28669,-106.47755
45.30444,-106.4221
45.29216,-106.47408
45.28928,-106.48628
45.30969,-106.38734
45.30115,-106.42262
45.29412,-106.45163
45.29278,-106.45715
45.29144,-106.46266
45.28723,-106.48001
45.28567,-106.48643
45.29075,-106.48003
45.30304,-106.38883
45.27953,-106.48817
45.281,-106.48197
45.28805,-106.4522
45.28936,-106.44668
45.29062,-106.44138
45.2961,-106.4182
45.30169,-106.39452
45.30577,-106.37724
45.27538,-106.48609
45.29334,-106.41025
45.29882,-106.38712
45.30019,-106.38129
45.30158,-106.37543
45.29327,-106.39101
45.27267,-106.47786
45.28507,-106.42562
45.28641,-106.41999
45.28778,-106.41419
45.29462,-106.38531
45.29598,-106.37956
45.29737,-106.37369
45.28913,-106.40849
45.2905,-106.40273
45.2891,-106.38908
45.26704,-106.48199
45.26851,-106.47584
45.28233,-106.41765
45.28368,-106.41197
45.28634,-106.40074
45.28773,-106.39484
45.29179,-106.37773
45.29318,-106.37187
45.285,-106.40641
45.28498,-106.38696
45.26435,-106.47375
45.2769,-106.42099
45.27824,-106.41536
45.28091,-106.40408
45.28226,-106.39837
45.28629,-106.38145
45.28761,-106.37585
45.28898,-106.37006
45.28363,-106.39262
45.28218,-106.37923
45.2835,-106.37366
45.26017,-106.47178
45.27412,-106.41318
45.27546,-106.40752
45.27681,-106.40182
45.27818,-106.39612
45.27954,-106.39037
45.28088,-106.38474
45.28619,-106.36237
45.28484,-106.36803
45.27808,-106.37704
45.2794,-106.37146
45.25738,-106.46397
45.26724,-106.42259
45.2686,-106.41685
45.27268,-106.39973
45.30537,-106.42438
45.29274,-106.47649
45.29129,-106.48248
45.28979,-106.48862
45.27949,-106.34052
45.27919,-106.36211
45.2791,-106.36915
45.28555,-106.36143
45.28545,-106.36848
45.26889,-106.34229
45.26883,-106.34963
45.26878,-106.35679
45.26872,-106.36397
45.27525,-106.34203
45.27518,-106.34925
45.27512,-106.35652
45.27507,-106.36375
45.275,-106.37084
45.28148,-106.35618
45.28141,-106.36334
45.28154,-106.34898
45.28135,-106.37038
45.28776,-106.36276
45.28769,-106.36989
45.29409,-106.36343
45.29403,-106.37054
45.29396,-106.37735
45.29383,-106.3917
45.29376,-106.39869
45.29357,-106.41909
45.30043,-106.36413
45.30016,-106.39252
45.30001,-106.4066
45.29995,-106.41325
45.30036,-106.37137
45.30022,-106.38527
45.30009,-106.39971
45.29988,-106.41949
45.30677,-106.36469
45.30648,-106.39339
45.30663,-106.37911
45.30655,-106.38614
45.30641,-106.40051
45.31261,-106.41333
45.31289,-106.38673
45.31267,-106.40694
45.31296,-106.37949
45.31929,-106.37981
45.31915,-106.39367
45.31922,-106.38676
45.25954,-106.41104
45.26678,-106.341
45.27314,-106.34066
45.27304,-106.34796
45.27294,-106.35519
45.27285,-106.36242
45.27939,-106.34762
45.27929,-106.35487
32.37503,-101.57671
32.39226,-101.60658
32.41441,-101.63586
32.41496,-101.64226
32.47735,-101.64783
32.48235,-101.64827
32.41354,-101.64246
32.41132,-101.63506
32.38901,-101.61055
32.37782,-101.57342
32.38844,-101.60773
32.37963,-101.57789
32.37744,-101.57044
32.37341,-101.57166
32.37268,-101.57365
32.38897,-101.60822
44.57403,-105.41879
44.58047,-105.41068
44.58056,-105.41827
44.58065,-105.42637
44.58073,-105.43436
44.587,-105.41041
44.58727,-105.43448
44.58736,-105.44295
44.58744,-105.45097
44.58768,-105.47303
44.58794,-105.49801
44.58709,-105.41854
44.58717,-105.42638
44.57325,-105.42266
44.57973,-105.41468
44.57978,-105.42242
44.57983,-105.43057
44.58627,-105.41453
44.58632,-105.42261
44.58641,-105.43884
44.58646,-105.44711
44.58651,-105.4548
44.58673,-105.49435
44.58636,-105.43048
44.59314,-105.46981
44.59319,-105.47803
44.5928,-105.41482
44.59285,-105.423
44.5929,-105.43059
44.59933,-105.41504
44.59948,-105.43864
44.59954,-105.44691
44.59959,-105.45534
44.59938,-105.42336
44.59943,-105.43095
44.60592,-105.42344
44.60597,-105.43124
44.60608,-105.4464
44.61261,-105.44617
44.61267,-105.45454
44.61921,-105.45482
44.61916,-105.44695
44.62143,-105.44064
44.61739,-105.44276
44.61864,-105.44805
44.58282,-105.41187
44.58152,-105.40639
44.5787,-105.41371
44.57299,-105.40708
44.5783,-105.40356
44.57585,-105.4141
44.58358,-105.40009
44.58239,-105.40525
44.57747,-105.42649
44.58769,-105.40173
44.58647,-105.407
44.58026,-105.4338
44.59176,-105.40351
44.59052,-105.40884
44.5843,-105.43575
44.59705,-105.40002
44.59581,-105.40538
44.59455,-105.4108
44.60109,-105.40191
44.59858,-105.4128
44.59151,-105.46286
44.60512,-105.40385
44.6026,-105.41477
44.60134,-105.42026
44.59031,-105.46805
44.60386,-105.4093
44.60916,-105.40576
44.60664,-105.41669
44.60538,-105.4222
44.60414,-105.42757
44.60791,-105.41119
44.61319,-105.40769
44.61196,-105.41307
44.60818,-105.42952
44.60699,-105.43467
44.60579,-105.43987
44.60455,-105.44526
44.60986,-105.44173
44.60862,-105.44711
44.6151,-105.43842
44.6139,-105.44366
44.6179,-105.44576
44.61911,-105.44051
44.56997,-105.40456
44.56991,-105.41226
44.56984,-105.42104
44.56802,-105.41037
44.56799,-105.41912
44.57465,-105.40337
44.57462,-105.41126
44.58124,-105.40378
44.58115,-105.42718
44.58787,-105.3961
44.58784,-105.40414
44.59447,-105.39645
44.59441,-105.41156
44.59444,-105.40417
44.59438,-105.41866
44.59434,-105.42651
44.60107,-105.39659
44.60098,-105.41839
44.60104,-105.40398
44.601,-105.41126
44.60094,-105.4259
44.6009,-105.43391
44.60086,-105.44164
44.60767,-105.39646
44.60754,-105.42551
44.60745,-105.44176
44.60764,-105.40379
44.6076,-105.41115
44.60757,-105.4183
44.60749,-105.43353
44.61416,-105.41843
44.61428,-105.39597
44.61424,-105.40332
44.6142,-105.411
44.61404,-105.44146
44.614,-105.44913
44.61396,-105.45629
44.61409,-105.43325
44.62084,-105.40244
44.6208,-105.41016
44.62068,-105.43311
44.62064,-105.44041
44.62059,-105.44819
44.62075,-105.41867
44.62744,-105.40297
44.6274,-105.40984
44.62727,-105.43291
44.62723,-105.43996
44.62737,-105.41737
44.634,-105.41005
44.63396,-105.41696
44.63387,-105.43204
44.64051,-105.42374
44.62523,-105.40363
44.62521,-105.43388
44.6252,-105.44102
44.62521,-105.41889
44.63182,-105.41089
44.63183,-105.40414
44.6318,-105.43336
44.6384,-105.42492
45.51772,-114.9777
45.51444,-114.97875
45.51371,-114.97369
45.51043,-114.9748
45.51263,-114.99007
45.5119,-114.98498
45.51117,-114.97984
45.51008,-114.99618
45.50717,-114.97596
45.50936,-114.99118
45.50863,-114.98615
45.5079,-114.98104
45.50645,-114.97096
45.5068,-114.99726
45.50752,-115.00229
45.50608,-114.99227
45.50463,-114.98222
45.5039,-114.97712
45.50351,-114.99834
45.5028,-114.99336
45.57752,-115.88168
45.45008,-114.97867
45.44939,-114.97383
45.57822,-115.88681
45.57419,-115.88271
45.57489,-115.88782
45.44749,-114.98447
45.44678,-114.97958
45.57085,-115.88371
45.44562,-114.99519
45.44231,-114.99609
45.56751,-115.88474
45.44161,-114.99125
45.44093,-114.98647
45.44024,-114.98174
45.43971,-115.00181
45.43764,-114.98752
45.43902,-114.99702
45.43833,-114.99226
45.43696,-114.9828
45.43573,-114.99799
45.43504,-114.99326
45.43641,-115.00274
45.43436,-114.98853
45.43176,-114.99427
45.43107,-114.98954
45.43039,-114.98483
45.42901,-114.97532
45.53786,-115.87122
45.29122,-114.8263
45.27842,-114.85565
45.27769,-114.85071
45.27441,-114.85164
45.08981,-114.77852
45.08835,-114.76869
45.08578,-114.77441
44.98922,-114.58469
44.98994,-114.58947
44.98739,-114.59525
44.98667,-114.5904
44.75282,-115.80103
44.74619,-115.80302
44.74551,-115.79811
44.74358,-115.80908
44.74095,-115.81505
44.73099,-115.81791
44.72171,-115.82574
44.72104,-115.82094
44.71773,-115.82198
44.65204,-115.7593
44.65135,-115.75437
44.65067,-115.74955
44.64943,-115.76527
44.64804,-115.75542
44.64873,-115.7603
44.64736,-115.75055
44.64681,-115.77122
44.64612,-115.76627
44.64542,-115.76132
44.64474,-115.75642
44.64405,-115.75156
44.64349,-115.77217
44.64142,-115.7574
44.64074,-115.75253
44.6428,-115.76727
44.64211,-115.76232
44.64005,-115.74765
44.64017,-115.77312
44.63949,-115.76826
44.64085,-115.77794
44.6388,-115.76332
44.63811,-115.75842
44.63742,-115.75351
44.63686,-115.77409
44.63754,-115.77892
44.63617,-115.7692
44.63548,-115.76427
44.6348,-115.75937
44.63411,-115.75448
44.63216,-115.76522
44.62943,-115.74574
44.63022,-115.77594
44.62884,-115.76612
44.62816,-115.76123
44.62679,-115.75152
44.62541,-115.74168
44.62472,-115.73671
44.62894,-115.79144
44.62551,-115.76697
44.62483,-115.76209
44.62415,-115.75726
44.62347,-115.7524
44.62209,-115.74253
44.6175,-115.75902
44.61682,-115.75414
44.61613,-115.74924
44.61417,-115.7599
44.61002,-115.73016
44.60266,-115.72684
44.60004,-115.73273
44.59934,-115.72771
44.60986,-115.828
44.60723,-115.83395
44.60652,-115.82882
44.59339,-115.73443
44.60505,-115.83148
44.58838,-115.73799
44.59578,-115.83929
44.59129,-115.85643
44.59058,-115.85136
44.58273,-115.79564
44.58723,-115.85218
44.58796,-115.85729
44.58651,-115.84705
44.5794,-115.79654
44.58462,-115.85814
44.5839,-115.85304
44.57608,-115.79744
44.58128,-115.85897
44.58056,-115.85386
44.56588,-115.7495
44.57722,-115.85468
44.57864,-115.86476
44.57793,-115.85973
44.57528,-115.86549
44.57386,-115.8554
44.55853,-115.74628
44.55782,-115.74129
44.57193,-115.8662
44.57052,-115.85614
44.56909,-115.84591
44.56504,-115.84166
44.55045,-115.7379
44.56454,-115.86274
44.55825,-115.81783
44.54784,-115.74387
44.54713,-115.73877
44.54886,-115.80011
44.5379,-115.74667
44.53602,-115.75781
44.53286,-115.78441
44.53217,-115.77952
44.51778,-115.8246
44.51995,-115.86492
44.51925,-115.85983
44.51516,-115.83061
44.51662,-115.8658
44.51593,-115.86076
44.5126,-115.86166
44.51124,-115.85189
44.50989,-115.84232
44.50853,-115.83255
44.50792,-115.85286
44.50657,-115.84326
44.50589,-115.83844
44.50521,-115.83352
44.50325,-115.84422
44.50257,-115.83941
44.42854,-115.81596
44.42522,-115.81691
44.42527,-115.84183
44.42325,-115.82743
44.42258,-115.82266
44.42197,-115.84288
44.41926,-115.8236
44.41993,-115.82838
44.41865,-115.8439
44.41797,-115.83898
44.41729,-115.83416
44.41661,-115.82935
44.41594,-115.82455
44.41466,-115.84001
44.41398,-115.83517
44.2871,-115.07059
44.28523,-115.08109
44.28452,-115.07627
44.28381,-115.07145
44.28194,-115.08198
44.28123,-115.07713
44.28053,-115.0723
44.27843,-115.08031
44.27771,-115.07548
44.27701,-115.07069
44.27917,-115.08523
44.27516,-115.08125
44.27443,-115.07638
44.27662,-115.09103
44.27589,-115.08616
44.27262,-115.08712
44.27188,-115.08217
44.27115,-115.07729
44.27006,-115.0929
44.26934,-115.08804
44.2686,-115.08313
44.26788,-115.07822
44.26678,-115.09381
44.26606,-115.08897
44.26533,-115.08408
44.26461,-115.07919
44.26421,-115.09956
44.26349,-115.09474
44.26278,-115.08989
44.26206,-115.08504
44.26133,-115.08019
44.26062,-115.07534
44.26093,-115.10046
44.26021,-115.09563
44.25949,-115.09081
44.25878,-115.08598
44.25806,-115.08116
44.25735,-115.07634
44.25835,-115.10617
44.25763,-115.10133
44.25692,-115.0965
44.25621,-115.09171
44.2555,-115.08691
44.2548,-115.08215
44.25408,-115.07734
44.25578,-115.11189
44.25434,-115.10223
44.25364,-115.0974
44.25293,-115.09262
44.25222,-115.08787
44.25152,-115.08311
44.25082,-115.07836
44.25506,-115.10705
44.25321,-115.11764
44.25249,-115.11279
44.25178,-115.10795
44.25106,-115.10313
44.25035,-115.09832
44.24965,-115.09357
44.24895,-115.08884
44.24825,-115.0841
44.24755,-115.07936
44.24684,-115.07459
44.24992,-115.11851
44.24921,-115.11367
44.2485,-115.10885
44.24778,-115.10404
44.24707,-115.09926
44.24637,-115.09449
44.24567,-115.08979
44.24498,-115.08508
44.24427,-115.08034
44.24357,-115.07556
44.25063,-115.12334
44.24286,-115.07076
44.24734,-115.12422
44.24663,-115.11937
44.24592,-115.11455
44.24521,-115.10975
44.2445,-115.10497
44.2438,-115.1002
44.2431,-115.09547
44.2424,-115.09077
44.2417,-115.08605
44.24029,-115.0765
44.23958,-115.07171
44.241,-115.08128
44.24406,-115.12511
44.24334,-115.12023
44.24263,-115.11543
44.24192,-115.11066
44.24052,-115.10116
44.23983,-115.09644
44.23913,-115.09175
44.23843,-115.08701
44.23772,-115.08224
44.23701,-115.07745
44.24122,-115.1059
44.24077,-115.12595
44.24006,-115.1211
44.23934,-115.11631
44.23864,-115.11154
44.23655,-115.09742
44.23444,-115.08315
44.23373,-115.07835
44.23302,-115.07352
44.23794,-115.1068
44.23724,-115.10209
44.23586,-115.09269
44.23515,-115.08794
44.23605,-115.11716
44.23465,-115.10769
44.23327,-115.09834
44.23187,-115.08885
44.23116,-115.08405
44.23045,-115.07923
44.22973,-115.07441
44.23535,-115.11239
44.23396,-115.10302
44.23257,-115.09362
44.23068,-115.10394
44.22929,-115.09452
44.22858,-115.08971
44.22644,-115.07522
44.25395,-115.2622
44.25323,-115.25734
44.23276,-115.11799
44.23137,-115.10857
44.22999,-115.09926
44.22787,-115.08488
44.22715,-115.08004
44.31031,-115.67696
44.25207,-115.2728
44.25136,-115.26795
44.25066,-115.26316
44.24995,-115.25829
44.24924,-115.25346
44.22314,-115.07597
44.22947,-115.11884
44.22877,-115.1141
44.2274,-115.10486
44.22671,-115.10016
44.226,-115.09538
44.22528,-115.09052
44.22456,-115.08562
44.22385,-115.08076
44.24878,-115.27369
44.24807,-115.26884
44.24738,-115.26408
44.24667,-115.25925
44.24596,-115.25443
44.24527,-115.2497
44.22619,-115.11975
44.30212,-115.64362
44.24949,-115.27861
44.2269,-115.12456
44.22549,-115.11504
44.22412,-115.10579
44.22343,-115.10107
44.22271,-115.09625
44.22199,-115.09131
44.22126,-115.08638
44.24621,-115.27955
44.24549,-115.27462
44.24478,-115.26973
44.24409,-115.26503
44.24339,-115.26025
44.24199,-115.2506
44.24128,-115.24582
44.22291,-115.12068
44.22222,-115.11597
44.30437,-115.68364
44.30368,-115.6788
44.29881,-115.64457
44.24268,-115.25536
44.22153,-115.11132
44.22085,-115.10672
44.22015,-115.10201
44.21943,-115.09716
44.2187,-115.09219
44.21798,-115.08723
44.24221,-115.2756
44.2415,-115.27071
44.24081,-115.26597
44.24012,-115.26123
44.23869,-115.25148
44.238,-115.24671
44.21469,-115.08809
44.29481,-115.64056
44.24293,-115.28055
44.23941,-115.25632
44.21963,-115.12158
44.21894,-115.11688
44.21825,-115.11224
44.21687,-115.10294
44.21615,-115.09808
44.21543,-115.09315
44.23753,-115.26694
44.23684,-115.26225
44.23471,-115.2476
44.29219,-115.64636
44.2915,-115.64146
44.23894,-115.27657
44.23822,-115.27165
44.23613,-115.25734
44.23542,-115.25243
44.22342,-115.1705
44.22271,-115.16568
44.21428,-115.10851
44.21359,-115.10385
44.21288,-115.09904
44.21215,-115.09409
44.21141,-115.08907
44.28818,-115.64233
44.23637,-115.28249
44.23566,-115.27753
44.23142,-115.24856
44.28958,-115.65214
44.28888,-115.64721
44.23709,-115.28748
44.23494,-115.27267
44.23425,-115.26794
44.23357,-115.26324
44.23286,-115.25839
44.23214,-115.25345
44.22014,-115.17147
44.21168,-115.11403
44.2096,-115.1
44.20889,-115.09514
44.20815,-115.09008
44.28556,-115.64808
44.23381,-115.28841
44.23309,-115.2834
44.29043,-115.68241
44.28905,-115.67265
44.28697,-115.65796
44.28626,-115.65302
44.28487,-115.6432
44.23237,-115.27844
44.23166,-115.27364
44.23029,-115.26427
44.22958,-115.25943
44.22887,-115.25449
44.22815,-115.24957
44.20632,-115.10093
44.20561,-115.09611
44.20488,-115.09112
44.28295,-115.65388
44.28225,-115.64896
44.23052,-115.28933
44.2298,-115.2843
44.22418,-115.24585
44.28712,-115.6833
44.28643,-115.67844
44.28574,-115.67355
44.28504,-115.66866
44.28435,-115.66377
44.28365,-115.65883
44.28156,-115.64408
44.22908,-115.27936
44.22838,-115.27457
44.22701,-115.26521
44.2256,-115.25559
44.22489,-115.2507
44.20512,-115.11584
44.20443,-115.11118
44.20304,-115.10184
44.20234,-115.09703
44.20161,-115.0921
44.20088,-115.08712
44.28104,-115.66465
44.27964,-115.65475
44.27893,-115.64983
44.27824,-115.64494
44.28381,-115.68418
44.28312,-115.67932
44.28242,-115.67443
44.28173,-115.66954
44.28033,-115.65971
44.22651,-115.28525
44.22579,-115.28027
44.22509,-115.27544
44.22372,-115.2661
44.22303,-115.26145
44.22234,-115.25668
44.22163,-115.25185
44.22092,-115.24693
44.20184,-115.11678
44.20115,-115.1121
44.19905,-115.09795
44.19833,-115.09305
44.19761,-115.08809
44.27772,-115.66553
44.27702,-115.66059
44.27632,-115.65563
44.27563,-115.65072
44.27494,-115.64585
44.28049,-115.68507
44.2798,-115.68022
44.27911,-115.67533
44.27842,-115.67044
44.22323,-115.28619
44.22251,-115.28119
44.2218,-115.27637
44.22111,-115.2716
44.22043,-115.26701
44.21975,-115.26238
44.21906,-115.25769
44.21836,-115.25293
44.21765,-115.24808
44.19648,-115.10366
44.19577,-115.09885
44.19506,-115.09399
44.19434,-115.08906
44.27371,-115.66147
44.27301,-115.65652
44.27718,-115.68597
44.27649,-115.68111
44.2758,-115.67623
44.2751,-115.67133
44.27441,-115.6664
44.27232,-115.65163
44.27163,-115.64678
44.21994,-115.28716
44.21923,-115.28219
44.21852,-115.27734
44.21783,-115.27261
44.21714,-115.26795
44.21577,-115.25867
44.21509,-115.25397
44.21439,-115.24917
44.21369,-115.24442
44.19599,-115.12334
44.19249,-115.09975
44.19178,-115.09493
44.26832,-115.64768
44.21738,-115.29316
44.21041,-115.24544
44.27387,-115.68686
44.27318,-115.68201
44.27249,-115.67714
44.27179,-115.67223
44.2704,-115.66234
44.2697,-115.65744
44.26901,-115.65253
44.21666,-115.28807
44.21595,-115.28318
44.21525,-115.27837
44.21455,-115.27365
44.21387,-115.26895
44.21318,-115.26427
44.2118,-115.25495
44.21111,-115.25022
44.20971,-115.24065
44.19413,-115.13394
44.27325,-115.7066
44.2657,-115.65345
44.26501,-115.64861
44.26432,-115.64382
44.21409,-115.29404
44.21337,-115.289
44.20713,-115.24645
44.27056,-115.68777
44.26987,-115.68291
44.26918,-115.67802
44.26848,-115.67312
44.26709,-115.66325
44.26639,-115.65834
44.21267,-115.28414
44.21058,-115.26991
44.2099,-115.26521
44.20852,-115.25593
44.20783,-115.25121
44.20642,-115.24156
44.19156,-115.13969
44.26308,-115.65924
44.26239,-115.65438
44.2617,-115.64953
44.26102,-115.64471
44.21081,-115.29498
44.21009,-115.28993
44.26792,-115.69339
44.20938,-115.28501
44.20868,-115.28025
44.20661,-115.26614
44.20455,-115.25217
44.20385,-115.24741
44.26047,-115.66503
44.26528,-115.69902
44.25977,-115.66016
44.25908,-115.6553
44.2584,-115.65046
44.25771,-115.64562
44.2068,-115.29086
44.20609,-115.2859
44.20126,-115.25311
44.20056,-115.24837
44.19769,-115.22841
44.18007,-115.10798
44.26538,-115.72396
44.26675,-115.73367
44.26606,-115.72881
44.26469,-115.71912
44.264,-115.71423
44.26332,-115.70941
44.26265,-115.70466
44.26197,-115.69995
44.25923,-115.68067
44.25785,-115.67084
44.25716,-115.66595
44.25578,-115.6562
44.25509,-115.65136
44.2028,-115.28682
44.2021,-115.28204
44.2014,-115.27731
44.20072,-115.27258
44.20003,-115.26791
44.19934,-115.26325
44.19797,-115.25399
44.19728,-115.24928
44.26553,-115.74004
44.26484,-115.73521
44.26346,-115.72552
44.26277,-115.72067
44.25517,-115.66749
44.26415,-115.73037
44.26207,-115.7158
44.26138,-115.71098
44.2607,-115.70621
44.26003,-115.70146
44.25657,-115.67727
44.25587,-115.67237
44.25447,-115.66261
44.19947,-115.2839
44.19877,-115.27914
44.19671,-115.26501
44.19603,-115.26037
44.26014,-115.72639
44.25945,-115.72153
44.25875,-115.71668
44.19619,-115.28488
44.1955,-115.28012
44.19481,-115.2754
44.26153,-115.73611
44.26083,-115.73125
44.25807,-115.71189
44.2574,-115.70713
44.25672,-115.70238
44.25396,-115.68305
44.25325,-115.67815
44.25185,-115.66838
44.25116,-115.66351
44.19411,-115.27068
44.19343,-115.26597
44.19274,-115.2613
44.19207,-115.25667
44.17354,-115.13131
44.26028,-115.7515
44.2596,-115.74675
44.25891,-115.74191
44.25822,-115.73702
44.25751,-115.73212
44.25682,-115.72723
44.25613,-115.72237
44.25544,-115.71754
44.25476,-115.71279
44.25408,-115.70804
44.24854,-115.66928
44.24784,-115.66439
44.19293,-115.28594
44.19224,-115.2812
44.19155,-115.27647
44.19086,-115.27175
44.19016,-115.26698
44.18946,-115.26223
44.18741,-115.24823
44.16384,-115.08897
44.19036,-115.29173
44.25765,-115.75721
44.25698,-115.7525
44.2563,-115.74772
44.2549,-115.73791
44.25419,-115.73294
44.24593,-115.67506
44.24524,-115.6702
44.19106,-115.29653
44.18967,-115.28699
44.18898,-115.2823
44.18829,-115.27756
44.1876,-115.27282
44.18689,-115.26802
44.18618,-115.26323
44.1855,-115.25853
44.18413,-115.24917
44.25157,-115.7387
44.1885,-115.30235
44.18778,-115.29747
44.18708,-115.29272
44.1864,-115.28801
44.26846,-115.85752
44.25368,-115.75344
44.24402,-115.68573
44.24332,-115.68088
44.18571,-115.28331
44.18502,-115.27856
44.18432,-115.27383
44.18363,-115.26907
44.18292,-115.26427
44.18222,-115.25952
44.18154,-115.25482
44.18085,-115.25011
44.18015,-115.24536
44.26585,-115.8634
44.24824,-115.73948
44.18521,-115.30328
44.18451,-115.29845
44.18381,-115.29372
44.18312,-115.28899
44.18242,-115.28423
44.18174,-115.27953
44.18105,-115.27483
44.26809,-115.87916
44.26735,-115.87397
44.26512,-115.85826
44.2414,-115.69148
44.24071,-115.68665
44.24002,-115.68181
44.18036,-115.27011
44.17965,-115.26532
44.17896,-115.26056
44.17826,-115.25581
44.17756,-115.25108
44.17687,-115.24635
44.26251,-115.8642
44.17984,-115.28997
44.17915,-115.28523
44.17846,-115.28049
44.17777,-115.27582
44.17499,-115.25684
44.23878,-115.69719
44.23809,-115.6924
44.2374,-115.68756
44.23671,-115.68274
44.18192,-115.30417
44.18123,-115.29947
44.18054,-115.29475
44.17708,-115.27113
44.17639,-115.26637
44.17569,-115.2616
44.17429,-115.25209
44.1736,-115.24735
44.17289,-115.24253
44.17218,-115.23772
44.17147,-115.23291
44.17519,-115.28157
44.1745,-115.27687
44.17381,-115.27216
44.23478,-115.69334
44.2341,-115.68851
44.17796,-115.30044
44.17727,-115.29579
44.17658,-115.29105
44.17588,-115.28629
44.17312,-115.2674
44.17172,-115.25786
44.17102,-115.25311
44.17031,-115.24828
44.16961,-115.24348
44.1689,-115.23866
44.16819,-115.23386
44.16748,-115.22903
44.16677,-115.22421
44.174,-115.29683
44.17331,-115.29211
44.17192,-115.28265
44.17124,-115.27792
44.17054,-115.27319
44.16984,-115.2684
44.16702,-115.24915
44.16631,-115.24433
44.1656,-115.23951
44.16489,-115.23472
44.16419,-115.22992
44.25811,-115.88185
44.25736,-115.87656
44.17468,-115.30145
44.17262,-115.28738
44.16914,-115.26361
44.16843,-115.25881
44.16772,-115.25399
44.16348,-115.22511
44.17073,-115.29783
44.17004,-115.29316
44.16935,-115.28843
44.16866,-115.28371
44.16655,-115.26935
44.16229,-115.24035
44.16159,-115.23552
44.22818,-115.69521
44.17141,-115.30247
44.16585,-115.26453
44.16514,-115.2597
44.16443,-115.25485
44.16372,-115.25002
44.163,-115.24516
44.16088,-115.23071
44.16017,-115.22591
44.1452,-115.12449
44.14449,-115.11965
44.16883,-115.30828
44.16813,-115.30347
44.16745,-115.29884
44.16677,-115.29418
44.16608,-115.28947
44.16327,-115.27029
44.14123,-115.1207
44.24852,-115.86285
44.22487,-115.69612
44.16538,-115.28473
44.16398,-115.27514
44.16256,-115.26544
44.16185,-115.26057
44.16113,-115.2557
44.16041,-115.25081
44.14267,-115.13045
44.14194,-115.12556
44.16557,-115.30939
44.16486,-115.30457
44.16418,-115.29985
44.1628,-115.29047
44.16211,-115.28571
44.16069,-115.27604
44.15998,-115.27118
44.22226,-115.70197
44.16349,-115.29518
44.15926,-115.2663
44.15855,-115.26141
44.15783,-115.25651
44.13941,-115.13152
44.13868,-115.12659
44.13797,-115.12179
44.24191,-115.86487
44.1609,-115.30086
44.16021,-115.29616
44.15952,-115.29142
44.15739,-115.27689
44.1326,-115.10857
44.24123,-115.86003
44.21963,-115.70765
44.15882,-115.28664
44.15668,-115.27203
44.15596,-115.26714
44.15524,-115.26225
44.23792,-115.86103
44.15623,-115.29237
44.15409,-115.27771
44.15194,-115.26308
44.23724,-115.85619
44.22382,-115.76128
44.15763,-115.30189
44.15693,-115.29713
44.15337,-115.27283
44.15266,-115.26794
44.15078,-115.2785
44.14864,-115.26385
44.22121,-115.76717
44.2205,-115.76216
44.15006,-115.27357
44.14935,-115.26869
44.14794,-115.2591
44.13175,-115.14909
44.13105,-115.14436
44.14676,-115.27433
44.14533,-115.26463
44.12846,-115.14997
44.12777,-115.14529
44.22849,-115.84311
44.2179,-115.76806
44.21719,-115.76303
44.20969,-115.71033
44.20898,-115.70531
44.14603,-115.26944
44.14464,-115.2599
44.12344,-115.11591
44.21458,-115.76894
44.14344,-115.2751
44.14273,-115.2702
44.14202,-115.2654
44.14133,-115.26071
44.12517,-115.15086
44.12378,-115.14142
44.20707,-115.71608
44.12305,-115.13651
44.21127,-115.76985
44.13942,-115.27094
44.13872,-115.26617
44.20375,-115.71693
44.20234,-115.70702
44.14014,-115.27588
44.12394,-115.16554
44.11977,-115.13744
44.22063,-115.86073
44.2199,-115.8555
44.20044,-115.71782
44.22135,-115.86587
44.21803,-115.86675
44.21731,-115.8616
44.1244,-115.21514
44.11877,-115.1769
44.21874,-115.8718
44.21515,-115.84617
44.21446,-115.84131
44.19712,-115.71867
44.12577,-115.22446
44.12509,-115.2198
44.12164,-115.19646
44.11806,-115.17208
44.21398,-115.86244
44.21325,-115.85725
44.21115,-115.84229
44.21048,-115.83756
44.11478,-115.17299
44.21542,-115.87274
44.21253,-115.8521
44.21183,-115.84705
44.20134,-115.77261
44.12319,-115.23016
44.1225,-115.22544
44.12181,-115.22077
44.12112,-115.21609
44.11906,-115.20213
44.11836,-115.19736
44.11763,-115.19241
44.11549,-115.17775
44.11577,-115.20301
44.21209,-115.87366
44.21066,-115.86334
44.20994,-115.85821
44.20719,-115.83863
44.19732,-115.76849
44.19662,-115.76355
44.11922,-115.22641
44.11853,-115.22174
44.11646,-115.20771
44.11507,-115.19822
44.20388,-115.83965
44.11664,-115.23212
44.11595,-115.22739
44.11249,-115.20393
44.20663,-115.85916
44.11526,-115.22269
44.11317,-115.2086
44.11407,-115.23786
44.11337,-115.23312
44.11267,-115.22836
44.11198,-115.22366
44.11128,-115.21891
44.19864,-115.85144
44.10939,-115.22929
44.19534,-115.85251
44.19464,-115.8475
44.19202,-115.85344
44.19132,-115.84843
44.16069,-115.72845
44.1574,-115.72956
44.16265,-115.80682
44.16191,-115.80173
44.15563,-115.75769
44.15493,-115.75278
44.15934,-115.8078
44.15233,-115.75864
44.15862,-115.8027
44.1544,-115.77317
44.15164,-115.7538
44.15604,-115.80878
44.15532,-115.80371
44.14902,-115.75957
44.15274,-115.80981
44.15083,-115.82059
44.14753,-115.82156
44.12865,-115.68926
44.14822,-115.82647
44.14684,-115.81672
44.14492,-115.82748
44.14354,-115.81769
44.12601,-115.69484
44.12533,-115.69014
44.14163,-115.82852
44.14023,-115.81871
44.12405,-115.70518
44.13692,-115.81967
44.13479,-115.80463
44.11806,-115.68737
44.11677,-115.70239
44.1336,-115.82053
44.11611,-115.69775
44.13098,-115.82633
44.13027,-115.82133
44.12955,-115.81629
44.11347,-115.70332
44.11282,-115.69873
44.12623,-115.81712
44.12552,-115.81211
44.12694,-115.82217
44.12481,-115.80715
44.10883,-115.69489
44.1222,-115.81302
44.12291,-115.81799
44.1215,-115.80806
44.11889,-115.81397
44.1182,-115.8091
44.10218,-115.69648
44.11491,-115.81015
44.11559,-115.81501
44.09887,-115.69735
44.11023,-115.80141
44.10952,-115.79647
44.10472,-115.76269
44.10265,-115.74812
44.10194,-115.74312
44.10831,-115.81223
44.10692,-115.80239
44.10762,-115.80735
44.1062,-115.79735
44.10004,-115.75399
44.09934,-115.74903
44.10501,-115.81325
44.10432,-115.80836
44.10361,-115.80337
44.1029,-115.79829
44.09674,-115.75493
44.09603,-115.74995
44.09531,-115.74485
44.09459,-115.73973
44.1003,-115.80428
44.09959,-115.79929
44.0989,-115.79436
44.0982,-115.78947
44.09411,-115.7607
44.09055,-115.73548
44.08983,-115.73049
44.09698,-115.80519
44.09629,-115.80024
44.08723,-115.7364
44.0956,-115.79538
44.09491,-115.79053
44.08869,-115.7467
44.08796,-115.7415
44.08653,-115.73142
44.09367,-115.80611
44.0868,-115.75769
44.08395,-115.73747
44.08325,-115.73258
44.09298,-115.80119
44.09229,-115.79639
44.09092,-115.78674
44.08466,-115.74254
44.09107,-115.8121
44.09036,-115.80704
44.08349,-115.75861
44.08966,-115.80213
44.08831,-115.79261
44.08763,-115.78779
44.08417,-115.76336
44.08137,-115.74364
44.08067,-115.73866
44.08705,-115.80803
44.08776,-115.81307
44.08501,-115.79359
44.08433,-115.78883
44.08086,-115.76436
44.08445,-115.81404
44.08374,-115.80903
44.08114,-115.81499
44.08044,-115.81004
44.07784,-115.81598
44.07714,-115.81107
44.07646,-115.80621
44.07453,-115.817
44.07384,-115.81211
44.11495,-115.18148
44.10304,-115.19501
44.10644,-115.1849
44.10915,-115.17686
44.32457,-115.03395
44.17062,-115.29636
44.15785,-115.31219
44.16107,-115.30272
44.10835,-115.20111
44.1171,-115.17512
44.10645,-115.20674
44.11111,-115.17106
45.42827,-114.97826
45.4268,-114.98275
45.43487,-114.97952
45.43342,-114.98396
45.42573,-114.97745
45.42258,-114.98693
45.42409,-114.98238
45.43208,-114.97953
45.43063,-114.9839
45.439,-114.97986
45.4479,-114.9742
45.44629,-114.97908
45.50613,-114.96785
45.50288,-114.97781
45.50907,-114.97398
44.11174,-115.19105
44.10574,-115.24004
44.10527,-115.24532
44.10935,-115.24557
44.10893,-115.25025
44.10982,-115.24033
44.11345,-115.24567
44.11435,-115.23566
44.11304,-115.25024
44.12203,-115.24153
44.12729,-115.22884
44.12615,-115.24146
44.12578,-115.24563
44.12488,-115.25555
44.07983,-115.74224
44.14108,-115.12115
44.13061,-115.23763
44.12892,-115.25627
44.12839,-115.26213
44.08555,-115.72429
44.0849,-115.73118
44.13505,-115.23398
44.13398,-115.24583
44.08944,-115.7257
44.13354,-115.25063
44.13246,-115.26256
44.13715,-115.2561
44.1488,-115.12725
44.13913,-115.23427
44.13877,-115.2383
44.13806,-115.24612
44.13604,-115.26833
44.13766,-115.25063
44.14174,-115.25092
44.14127,-115.256
44.1407,-115.26227
44.14014,-115.26832
44.13969,-115.27327
44.13889,-115.28207
44.13929,-115.27765
44.14539,-115.25596
44.14484,-115.26189
44.14386,-115.27261
44.14898,-115.26168
44.14761,-115.27654
44.15178,-115.27595
44.15467,-115.28931
44.15422,-115.2941
44.11806,-115.67875
44.1173,-115.68678
44.16006,-115.2754
44.15823,-115.29505
44.15774,-115.30037
44.15728,-115.30541
44.17968,-115.10572
44.16169,-115.30198
44.12591,-115.68098
44.12508,-115.6895
44.11308,-115.81385
44.16859,-115.27191
44.16813,-115.27694
44.16765,-115.28201
44.16616,-115.29805
44.16563,-115.3037
44.12986,-115.68182
44.12904,-115.69029
44.17007,-115.29997
44.16955,-115.30555
44.12151,-115.8095
44.18914,-115.13786
44.17399,-115.30187
44.17351,-115.30704
44.12545,-115.81016
44.12481,-115.81672
44.12417,-115.8233
44.19368,-115.13347
44.19325,-115.13819
44.19279,-115.14318
44.17793,-115.30355
44.12817,-115.82345
44.17749,-115.30825
44.1997,-115.11314
44.18242,-115.29945
44.18153,-115.30891
44.12425,-115.81087
44.12364,-115.81748
44.12302,-115.82413
44.12701,-115.8243
44.1924,-115.14111
44.19283,-115.13615
44.17835,-115.3016
44.17791,-115.30664
44.18282,-115.29745
44.18233,-115.30294
44.18194,-115.30737
44.1868,-115.29883
44.20324,-115.11134
44.18639,-115.30347
44.19213,-115.28488
44.19085,-115.29944
44.19047,-115.30372
44.19011,-115.30775
44.14905,-115.75963
44.20384,-115.19891
44.19608,-115.28667
44.19568,-115.29116
44.21727,-115.09273
44.21692,-115.09672
44.20553,-115.22639
44.20445,-115.23862
44.20854,-115.23887
44.21895,-115.12086
44.21375,-115.18001
44.20928,-115.23054
44.2077,-115.24834
44.21302,-115.23474
44.22303,-115.1215
44.21949,-115.16171
44.21903,-115.16695
44.21339,-115.23059
44.21215,-115.24455
44.21261,-115.23935
44.22712,-115.122
44.22358,-115.16216
44.22309,-115.16766
44.21707,-115.2355
44.21658,-115.241
44.21228,-115.28915
44.21191,-115.29317
44.23223,-115.11097
44.24155,-115.00477
44.23568,-115.07188
44.23171,-115.11692
44.23125,-115.1221
44.2297,-115.13963
44.22879,-115.14987
44.22822,-115.15639
44.22713,-115.16857
44.2424,-114.99503
44.24198,-114.99986
44.2293,-115.1442
44.22766,-115.16267
44.24693,-114.99082
44.24649,-114.99583
44.24607,-115.0006
44.24065,-115.06252
44.23978,-115.07232
44.23637,-115.11102
44.23381,-115.13992
44.2328,-115.15132
44.23119,-115.16934
44.2354,-115.12194
44.23335,-115.14508
44.23224,-115.1576
44.23171,-115.16359
44.24476,-115.06286
44.23679,-115.15292
44.25243,-114.97551
44.25197,-114.98077
44.25105,-114.99129
44.24565,-115.05279
44.24341,-115.07821
44.24,-115.11672
44.23912,-115.12669
44.2379,-115.14049
44.23523,-115.17033
44.22878,-115.24245
44.22485,-115.2863
44.23737,-115.14638
44.23624,-115.15898
44.23573,-115.16472
44.24791,-115.0742
44.24368,-115.12189
44.23328,-115.23827
44.25292,-115.01736
44.25246,-115.02267
44.25065,-115.04318
44.2502,-115.04824
44.24975,-115.05334
44.24929,-115.05862
44.24746,-115.0793
44.24699,-115.08463
44.24413,-115.11685
44.24137,-115.14778
44.24029,-115.15998
44.2398,-115.16535
44.23933,-115.17066
44.2344,-115.22584
44.23278,-115.24381
44.22891,-115.28675
44.24882,-115.0639
44.24836,-115.06915
44.24079,-115.15433
44.25476,-115.0437
44.25333,-115.05981
44.25149,-115.08061
44.25102,-115.0859
44.23728,-115.23951
44.23336,-115.2829
44.23299,-115.28703
44.25748,-115.01282
44.25702,-115.01814
44.25655,-115.02343
44.25565,-115.03364
44.25521,-115.03864
44.2543,-115.04887
44.25054,-115.09131
44.24826,-115.11695
44.24782,-115.12191
44.24482,-115.1555
44.24435,-115.16062
44.23894,-115.22112
44.23832,-115.22794
44.25284,-115.06542
44.25237,-115.07072
44.25193,-115.07565
44.23777,-115.23405
44.25975,-115.03429
44.2593,-115.03938
44.25554,-115.08172
44.24294,-115.22245
44.24234,-115.22905
44.23706,-115.28739
44.26019,-115.02925
44.25884,-115.04451
44.25507,-115.08695
44.25462,-115.0921
44.25283,-115.11214
44.25196,-115.12193
44.25151,-115.12685
44.24354,-115.21584
44.24045,-115.24999
44.23914,-115.2645
44.2382,-115.27476
44.23782,-115.27901
44.2579,-115.05508
44.25739,-115.06084
44.25687,-115.06671
44.25597,-115.07684
44.25415,-115.09731
44.24183,-115.23465
44.23744,-115.2832
44.26384,-115.03502
44.26292,-115.04532
44.25917,-115.08743
44.24593,-115.23489
44.26521,-115.01957
44.26429,-115.02992
44.26339,-115.04014
44.2596,-115.0826
44.25873,-115.09241
44.25828,-115.09747
44.25739,-115.10741
44.24758,-115.21674
44.24698,-115.22327
44.24451,-115.25048
44.24224,-115.27554
44.24149,-115.28391
44.20242,-115.70517
44.26246,-115.05056
44.26092,-115.06784
44.26044,-115.07318
44.24641,-115.22955
44.2645,-115.07417
44.26408,-115.07887
44.25111,-115.2233
44.25056,-115.22924
44.24957,-115.2401
44.24763,-115.26147
44.26931,-115.0202
44.26885,-115.02544
44.26839,-115.03062
44.26793,-115.03577
44.26369,-115.08334
44.26285,-115.09274
44.26241,-115.09763
44.26197,-115.10258
44.25215,-115.21182
44.24854,-115.2515
44.24805,-115.25677
44.24716,-115.26662
44.2467,-115.27171
44.20642,-115.70552
44.20581,-115.71195
44.26701,-115.0461
44.26654,-115.05132
44.26498,-115.06874
44.26328,-115.08794
44.25166,-115.2172
44.25006,-115.23472
44.27388,-115.01556
44.27341,-115.02084
44.26859,-115.07484
44.26816,-115.07963
44.26696,-115.09315
44.25519,-115.22371
44.25467,-115.22938
44.25418,-115.23469
44.25167,-115.26221
44.27702,-114.98024
44.27658,-114.98515
44.27571,-114.99499
44.27526,-115.00003
44.27481,-115.00516
44.27435,-115.01031
44.27249,-115.03129
44.27202,-115.03648
44.26777,-115.08399
44.26738,-115.08839
44.25035,-115.27675
44.21043,-115.70576
44.27295,-115.02608
44.26907,-115.06947
44.2566,-115.20814
44.25618,-115.21272
44.25209,-115.25757
44.25122,-115.26714
44.27225,-115.08028
44.25972,-115.21922
44.2566,-115.25321
44.25529,-115.26756
44.27891,-115.00585
44.27798,-115.01624
44.27752,-115.02149
44.27659,-115.0319
44.27612,-115.03709
44.27268,-115.07544
44.27188,-115.08447
44.27149,-115.08887
44.27106,-115.09364
44.26194,-115.19466
44.26152,-115.19935
44.25814,-115.23643
44.27981,-114.99576
44.27845,-115.01102
44.27705,-115.02671
44.27373,-115.06387
44.27317,-115.07001
44.26063,-115.20911
44.26019,-115.21398
44.25918,-115.22504
44.25864,-115.23093
44.2576,-115.24224
44.25708,-115.24798
44.25616,-115.25805
44.25574,-115.26268
44.27728,-115.07047
44.27599,-115.08486
44.27559,-115.08939
44.27515,-115.09428
44.26112,-115.24883
44.28162,-115.02216
44.28115,-115.02737
44.28022,-115.03772
44.2768,-115.07577
44.27637,-115.08056
44.27468,-115.09937
44.2664,-115.19103
44.2642,-115.21523
44.28346,-115.00152
44.28069,-115.03255
44.27782,-115.06444
44.26596,-115.1958
44.26463,-115.21047
44.26316,-115.22653
44.26158,-115.24374
44.26068,-115.25357
44.26027,-115.25812
44.25985,-115.26279
44.25937,-115.26804
44.28141,-115.07067
44.28051,-115.08073
44.2801,-115.08524
44.27968,-115.08997
44.27923,-115.09499
44.98945,-114.59111
44.99376,-114.59089
44.99318,-114.59757
44.98909,-114.59299
44.99337,-114.59294
44.99287,-114.59913
44.74964,-115.79522
44.75357,-115.79631
44.32489,-115.08452
44.32711,-115.05906
44.32448,-115.08934
44.27106,-115.68587
44.32795,-115.04936
44.32752,-115.05425
44.32668,-115.064
44.32623,-115.06927
44.32577,-115.07452
44.32532,-115.07964
44.32983,-115.07553
44.32939,-115.08054
44.3316,-115.05505
44.33119,-115.05982
44.27702,-115.66496
44.33202,-115.05025
44.33075,-115.06493
44.33028,-115.0703
44.32897,-115.08537
44.3339,-115.07645
44.33571,-115.05566
44.33347,-115.08135
44.279,-115.68726
44.33612,-115.05096
44.3348,-115.06602
44.33434,-115.07135
44.33981,-115.05631
44.33798,-115.07724
44.34022,-115.05156
44.33934,-115.06165
44.34433,-115.05213
44.2913,-115.64169
44.3439,-115.05701
44.29573,-115.63757
44.2953,-115.64222
44.30013,-115.63374
44.2997,-115.63835
44.29927,-115.64296
44.30325,-115.64371
44.41251,-115.83348
44.4164,-115.83476
44.41569,-115.84221
44.28525,-115.02806
44.28432,-115.03838
44.28094,-115.0759
44.26942,-115.20304
44.269,-115.20763
44.26778,-115.2211
44.26478,-115.25381
44.26395,-115.26295
44.28479,-115.03323
44.28194,-115.06483
44.26862,-115.21185
44.26721,-115.22731
44.26561,-115.24471
44.26518,-115.24943
44.26437,-115.25828
44.28421,-115.08569
44.28935,-115.02872
44.28889,-115.03387
44.28842,-115.03905
44.28466,-115.0808
44.28376,-115.09068
44.2833,-115.09578
44.27435,-115.19418
44.28607,-115.06514
44.28558,-115.07053
44.28511,-115.07578
44.28283,-115.10102
44.27384,-115.19975
44.27338,-115.20481
44.273,-115.20901
44.27264,-115.21304
44.27127,-115.22791
44.27014,-115.2402
44.26925,-115.24986
44.28924,-115.076
44.28831,-115.08628
44.28784,-115.09143
44.28737,-115.09663
44.29438,-115.01905
44.29299,-115.03451
44.29252,-115.03969
44.28877,-115.08115
44.28642,-115.10714
44.27666,-115.2141
44.27586,-115.22285
44.27374,-115.24586
44.21554,-115.86155
44.29392,-115.02417
44.29345,-115.02935
44.29159,-115.05003
44.29111,-115.05524
44.28971,-115.07085
44.2869,-115.10185
44.27738,-115.20612
44.27701,-115.21017
44.27475,-115.23484
44.29568,-115.05068
44.29333,-115.07664
44.29239,-115.08704
44.2799,-115.22371
44.29892,-115.01482
44.29847,-115.0198
44.29708,-115.03516
44.29662,-115.04033
44.29192,-115.09221
44.28104,-115.21114
44.28069,-115.21507
44.28033,-115.21905
44.27882,-115.23541
44.29802,-115.02486
44.29755,-115.03
44.29521,-115.05589
44.2938,-115.07145
44.29098,-115.10257
44.2794,-115.22919
44.29742,-115.07728
44.30301,-115.01569
44.30256,-115.02059
44.30118,-115.03587
44.30025,-115.04617
44.29647,-115.08777
44.296,-115.09296
44.29553,-115.09811
44.28395,-115.22456
44.28288,-115.23598
44.24029,-115.6886
44.30211,-115.02562
44.30165,-115.03072
44.29978,-115.05135
44.2993,-115.05656
44.2979,-115.07206
44.29695,-115.08253
44.29506,-115.10318
44.28345,-115.2299
44.30152,-115.07787
44.3075,-115.01193
44.30708,-115.01665
44.30664,-115.02149
44.30481,-115.04175
44.30434,-115.04688
44.29868,-115.10895
44.30619,-115.02645
44.30573,-115.03152
44.30387,-115.05204
44.3034,-115.05723
44.30293,-115.06239
44.302,-115.07268
44.30104,-115.08313
44.28753,-115.23045
44.3075,-115.05791
44.30325,-115.10435
44.31071,-115.02245
44.30935,-115.03754
44.30889,-115.04259
44.30796,-115.05276
44.30276,-115.10966
44.31027,-115.02735
44.30981,-115.03243
44.30703,-115.06305
44.30656,-115.06817
44.30609,-115.07332
44.30562,-115.07848
44.30514,-115.08373
44.31065,-115.06884
44.30923,-115.08437
44.30733,-115.10504
44.31296,-115.04346
44.31251,-115.04847
44.31205,-115.05348
44.31112,-115.06371
44.24762,-115.73747
44.31435,-115.02831
44.31388,-115.03338
44.31342,-115.03846
44.31018,-115.07399
44.3097,-115.07916
44.30875,-115.08953
44.25166,-115.73737
44.25428,-115.75179
44.30973,-115.01931
44.30932,-115.02415
44.30802,-115.0394
44.30759,-115.04446
44.30715,-115.04956
44.30671,-115.0547
44.30272,-115.10126
44.30889,-115.02917
44.30846,-115.03428
44.30627,-115.05989
44.30315,-115.09621
44.30635,-115.10717
44.31167,-115.0453
44.31124,-115.05033
44.31081,-115.05543
44.25019,-115.73757
44.31297,-115.0301
44.31253,-115.03523
44.3121,-115.04031
44.31036,-115.06055
44.30948,-115.07085
44.30904,-115.07601
44.30859,-115.0812
44.30814,-115.08642
44.30769,-115.09161
44.30681,-115.10188
44.31312,-115.07676
44.31268,-115.08192
44.3109,-115.10254
44.31488,-115.05631
44.31445,-115.06138
44.31401,-115.06646
44.31179,-115.09217
44.31135,-115.09734
44.31043,-115.10795
44.25422,-115.73752
44.31618,-115.04118
44.31575,-115.04622
44.31532,-115.05125
44.31357,-115.0716
44.31808,-115.06735
44.31675,-115.0828
44.31938,-115.0523
44.31895,-115.05735
44.31851,-115.06235
44.31588,-115.09284
44.31543,-115.09798
44.31498,-115.10328
44.25683,-115.75276
44.31982,-115.0472
44.31764,-115.07247
44.31719,-115.07771
44.31631,-115.08781
44.32082,-115.08367
44.32259,-115.06324
44.31997,-115.09351
44.26418,-115.7168
44.2635,-115.72404
44.26213,-115.73888
44.32388,-115.04826
44.32345,-115.05334
44.32302,-115.05825
44.32215,-115.06828
44.3217,-115.07346
44.32125,-115.07867
44.51231,-115.82673
44.51688,-115.82102
44.51623,-115.82781
44.51731,-115.85859
44.53601,-115.74651
44.5328,-115.7805
44.54921,-115.73511
44.54857,-115.74178
44.55321,-115.7355
44.55658,-115.74252
44.56062,-115.7426
44.55852,-115.74326
44.57825,-115.79227
44.59214,-115.7289
44.60059,-115.72487
44.60017,-115.72942
44.62422,-115.73168
44.62366,-115.73766
44.62767,-115.73808
44.63881,-115.7485
44.6381,-115.75601
44.63741,-115.76332
44.63672,-115.77067
44.64275,-115.74962
44.64203,-115.75712
44.64135,-115.76438
44.64066,-115.77172
44.64668,-115.75076
44.64597,-115.75828
44.64528,-115.76546
44.64458,-115.77283
44.65133,-115.74436
44.65059,-115.75209
44.64989,-115.75945
44.64923,-115.76643
44.65527,-115.74538
44.71483,-115.82232
44.71872,-115.82381
44.72261,-115.82535
44.74435,-115.80848
45.72315,-106.9077
45.72608,-106.92113
45.72752,-106.92774
45.72985,-106.91955
45.73129,-106.92612
45.73273,-106.93275
45.73417,-106.93935
45.7365,-106.93118
45.73792,-106.93771
45.72561,-106.90467
45.72418,-106.91061
45.72843,-106.91247
45.73528,-106.92304
45.73947,-106.92517
45.73803,-106.93119
45.73654,-106.9374
45.73508,-106.94347
45.74364,-106.92739
45.74219,-106.93343
45.74383,-106.92826
45.74235,-106.93427
46.04013,-112.18726
46.04671,-112.18667
46.03898,-112.19224
46.04041,-112.18745
46.04385,-112.19524
46.04519,-112.19069
46.03872,-112.19206
46.04548,-112.19081
46.04412,-112.19534
46.05074,-112.19349
45.72227,-106.90285
45.72828,-106.91708
45.73448,-106.91707
45.74049,-106.92998
32.95498,-99.20462
30.79051,-99.0871
30.79005,-99.08294
30.78783,-99.10049
30.78641,-99.08768
30.7883,-99.1048
30.78735,-99.09618
30.78595,-99.0835
30.78372,-99.10113
30.78231,-99.08826
30.78185,-99.08409
30.7842,-99.10546
30.78325,-99.09681
30.78277,-99.09252
30.77963,-99.10179
30.7801,-99.10611
30.77914,-99.09744
30.77867,-99.09315
30.77821,-99.08888
30.77775,-99.08472
30.77729,-99.0806
30.776,-99.10674
30.77552,-99.10242
30.77505,-99.09809
30.77457,-99.0938
30.77411,-99.08955
30.77365,-99.08538
30.77517,-99.13737
30.77471,-99.13313
30.77237,-99.11169
30.77189,-99.10738
30.77142,-99.10306
30.77095,-99.09874
30.77048,-99.09445
30.77002,-99.09022
30.76955,-99.08603
30.76911,-99.08192
30.76865,-99.07775
30.76873,-99.11663
30.76455,-99.07836
30.7706,-99.13376
30.77014,-99.12952
30.76967,-99.12522
30.7692,-99.12093
30.76826,-99.11233
30.76779,-99.10802
30.76732,-99.10371
30.76685,-99.0994
30.76638,-99.0951
30.76592,-99.09087
30.76546,-99.08668
30.76501,-99.08253
30.76603,-99.13015
30.76556,-99.12585
30.76649,-99.13441
30.76509,-99.12152
30.76462,-99.11723
30.76416,-99.11295
30.76369,-99.10866
30.76322,-99.10435
30.76275,-99.10004
30.76228,-99.09574
30.76182,-99.09152
30.76137,-99.08733
30.76091,-99.08315
30.76045,-99.07899
30.76238,-99.13505
30.76192,-99.13081
30.76145,-99.12651
30.76052,-99.11788
30.76005,-99.11361
30.75959,-99.10931
30.75912,-99.10501
30.75865,-99.1007
30.75818,-99.0964
30.75773,-99.09218
30.75727,-99.08799
30.75681,-99.08381
30.75636,-99.0796
30.75596,-99.11429
30.75549,-99.10999
30.75502,-99.10568
30.75456,-99.10136
30.75409,-99.09705
30.75363,-99.09284
30.75318,-99.08866
30.75272,-99.08446
30.75226,-99.08022
30.74816,-99.08086
30.75139,-99.11066
30.75092,-99.10634
30.75045,-99.10203
30.74999,-99.09774
30.74953,-99.0935
30.74908,-99.08931
30.74862,-99.08509
30.74771,-99.07663
30.74682,-99.10701
30.74636,-99.1027
30.7459,-99.0984
30.74544,-99.09416
30.74498,-99.08995
30.74453,-99.08573
30.74407,-99.08149
30.74361,-99.07726
32.38556,-101.84927
30.75227,-99.07978
30.74704,-99.10545
30.76686,-99.09248
30.76159,-99.1184
30.76071,-99.12274
30.76567,-99.1195
30.76654,-99.1152
30.76479,-99.12384
30.77061,-99.11632
30.76974,-99.12064
30.76886,-99.12496
30.76798,-99.12929
30.77293,-99.12606
30.94107,-99.12828
31.48461,-102.15485
31.5563,-102.19694
31.55421,-102.19952
32.94981,-99.20477
32.99004,-99.1481
32.98925,-99.15206
32.99474,-99.1452
32.99395,-99.14917
32.99316,-99.15315
32.99785,-99.15027
32.99619,-99.15295
32.997,-99.14896
31.50697,-102.1793
31.48594,-102.15322
44.91171,-106.13074
44.91846,-106.12997
44.91845,-106.13909
44.9252,-106.14687
44.93195,-106.15503
44.93195,-106.146
44.99292,-106.24693
44.99294,-106.2552
44.97466,-106.12121
44.98802,-106.17857
44.99047,-106.17739
44.98655,-106.17918
44.97623,-106.13409
44.97281,-106.11913
44.96432,-106.10111
44.96546,-106.10607
44.96318,-106.09615
44.99323,-106.24641
44.93795,-106.15679
44.93682,-106.15192
44.9357,-106.14706
44.93456,-106.14212
44.93398,-106.15848
44.93283,-106.1535
44.9317,-106.14863
44.93058,-106.14376
44.91611,-106.10019
44.92887,-106.15519
44.92772,-106.15023
44.92545,-106.14043
44.93506,-106.15972
44.93393,-106.15472
44.93283,-106.14983
44.93173,-106.14495
44.93062,-106.14006
44.92884,-106.15144
44.92775,-106.14655
44.92664,-106.14165
44.91359,-106.10322
44.91591,-106.11346
44.91753,-106.13983
44.91641,-106.1349
44.91531,-106.13005
44.91422,-106.12519
44.91197,-106.11532
44.91866,-106.14484
44.9131,-106.12029
43.69286,-110.1778
43.73735,-110.0812
43.73623,-110.07544
43.73383,-110.08225
43.73272,-110.07657
43.73163,-110.07094
43.7292,-110.07763
43.73139,-110.08892
43.73029,-110.08326
43.72813,-110.07211
43.72787,-110.09
43.72898,-110.09568
43.72678,-110.08436
43.7257,-110.07878
43.72356,-110.06778
43.72548,-110.09682
43.72437,-110.09115
43.72006,-110.06896
43.71899,-110.06348
43.72354,-110.14436
43.72142,-110.13345
43.72036,-110.12796
43.72112,-110.151
43.72007,-110.14563
43.71901,-110.14017
43.71794,-110.1347
43.71656,-110.14672
43.71761,-110.15211
43.71551,-110.1413
43.71445,-110.13589
43.71305,-110.1478
43.7141,-110.1532
43.71201,-110.14245
43.71096,-110.13706
43.71061,-110.15437
43.70853,-110.14372
43.70957,-110.14906
43.70748,-110.13828
43.70527,-110.12701
43.70815,-110.16087
43.70713,-110.1556
43.70611,-110.15036
43.70507,-110.14507
43.70465,-110.16201
43.70365,-110.15683
43.70264,-110.15166
43.70162,-110.14641
43.69833,-110.12957
43.69393,-110.1071
43.70017,-110.1581
43.70118,-110.16328
43.69917,-110.15297
43.69816,-110.14777
43.69153,-110.1139
43.6977,-110.16453
43.69669,-110.15936
43.69026,-110.12644
43.68805,-110.11515
43.69527,-110.17111
43.69423,-110.16579
43.69321,-110.16058
43.69179,-110.17235
43.69075,-110.16701
43.68972,-110.16175
43.68831,-110.17355
43.68727,-110.16823
43.68937,-110.17899
43.68623,-110.16292
43.68482,-110.17474
43.68376,-110.16934
43.68271,-110.16399
43.68167,-110.1587
43.68026,-110.17048
43.6792,-110.16506
43.67815,-110.15971
43.67711,-110.15439
43.67677,-110.17165
43.67569,-110.16615
43.67463,-110.16072
43.67358,-110.15538
43.67218,-110.16728
43.67005,-110.15639
43.66899,-110.15102
43.66793,-110.14562
43.66547,-110.15208
43.66442,-110.14672
44.90958,-106.10699
44.90826,-106.11257
44.91373,-106.10891
44.91245,-106.11437
44.91111,-106.12006
44.92223,-106.13158
44.92455,-106.1298
44.92316,-106.13556
44.93433,-106.14674
44.94684,-106.15236
44.94546,-106.15812
44.95517,-106.15612
44.95934,-106.15802
44.95658,-106.16958
44.9635,-106.15991
44.96631,-106.16751
44.96496,-106.1732
44.96915,-106.17498
44.9068,-106.11656
44.9132,-106.11714
44.92036,-106.04034
44.92028,-106.04809
44.92678,-106.04063
44.92576,-106.13905
44.92671,-106.04828
44.92584,-106.13195
44.93216,-106.1396
44.93208,-106.14651
44.93847,-106.14712
44.93855,-106.13975
44.93839,-106.15393
44.95116,-106.15486
44.95755,-106.15516
44.96376,-106.1696
44.93366,-106.14211
44.93362,-106.14902
44.94001,-106.1496
44.95275,-106.15746
44.96542,-106.1724
44.98458,-106.17265
